bha_id,well_id,run_no,bha_length_m,start_depth_m,bit_type,steering_system,bit_hours,bit_footage_m,drilling_efficiency_pct,performance_rating
BHA-001-01,OIL-SYN-001,1,350,2450,PDC,Motor + RSS,12.6,390.5,88.3,Good
BHA-001-02,OIL-SYN-001,2,400,2900,PDC,RSS,14.0,228.1,87.0,Watch
BHA-002-01,OIL-SYN-002,1,350,2450,Roller Cone,Motor,12.8,500.5,79.3,Good
BHA-002-02,OIL-SYN-002,2,400,2900,PDC + MWD,Motor + RSS,14.5,330.6,83.4,Good
BHA-003-01,OIL-SYN-003,1,350,2450,PDC,Motor + RSS,8.5,406.4,83.9,Good
BHA-003-02,OIL-SYN-003,2,400,2900,PDC + MWD,RSS,11.2,212.5,74.3,Watch
BHA-004-01,OIL-SYN-004,1,350,2450,Roller Cone,Motor,13.6,198.5,74.7,Watch
BHA-004-02,OIL-SYN-004,2,400,2900,PDC,Motor,15.9,501.1,66.3,Watch
BHA-005-01,OIL-SYN-005,1,350,2450,PDC,RSS,8.2,480.5,69.4,Good
BHA-005-02,OIL-SYN-005,2,400,2900,PDC,RSS,8.4,481.5,94.6,Fair
BHA-006-01,OIL-SYN-006,1,350,2450,PDC + MWD,RSS,12.5,196.8,92.9,Fair
BHA-006-02,OIL-SYN-006,2,400,2900,PDC,Motor + RSS,10.1,350.9,90.2,Watch
BHA-007-01,OIL-SYN-007,1,350,2450,Roller Cone,Motor + RSS,10.5,329.2,90.8,Watch
BHA-007-02,OIL-SYN-007,2,400,2900,PDC,Motor + RSS,15.7,433.5,90.4,Fair
BHA-008-01,OIL-SYN-008,1,350,2450,PDC,Motor,13.2,512.6,83.3,Watch
BHA-008-02,OIL-SYN-008,2,400,2900,PDC + MWD,Motor + RSS,9.9,504.6,65.3,Good
BHA-009-01,OIL-SYN-009,1,350,2450,PDC,RSS,12.5,430.9,79.7,Fair
BHA-009-02,OIL-SYN-009,2,400,2900,Roller Cone,RSS,15.6,497.6,77.7,Good
BHA-010-01,OIL-SYN-010,1,350,2450,PDC,RSS,13.5,390.8,80.4,Watch
BHA-010-02,OIL-SYN-010,2,400,2900,PDC + MWD,Motor + RSS,12.2,464.5,69.5,Watch
BHA-011-01,OIL-SYN-011,1,350,2450,PDC + MWD,Motor,15.5,361.2,71.5,Good
BHA-011-02,OIL-SYN-011,2,400,2900,Roller Cone,Motor,11.8,250.3,71.6,Fair
BHA-012-01,OIL-SYN-012,1,350,2450,Roller Cone,RSS,12.6,357.2,69.7,Good
BHA-012-02,OIL-SYN-012,2,400,2900,PDC,Motor,11.5,376.2,93.5,Watch
BHA-013-01,OIL-SYN-013,1,350,2450,PDC + MWD,RSS,8.4,362.0,71.9,Fair
BHA-013-02,OIL-SYN-013,2,400,2900,PDC + MWD,Motor,15.0,228.8,83.9,Fair
BHA-014-01,OIL-SYN-014,1,350,2450,PDC,Motor + RSS,15.5,411.7,75.0,Watch
BHA-014-02,OIL-SYN-014,2,400,2900,PDC,RSS,9.9,476.1,81.0,Fair
BHA-015-01,OIL-SYN-015,1,350,2450,PDC + MWD,Motor,9.4,217.4,84.9,Watch
BHA-015-02,OIL-SYN-015,2,400,2900,PDC + MWD,RSS,8.7,407.6,67.1,Watch
BHA-016-01,OIL-SYN-016,1,350,2450,Roller Cone,RSS,15.8,337.0,82.6,Watch
BHA-016-02,OIL-SYN-016,2,400,2900,PDC,Motor,8.4,247.1,65.9,Watch
BHA-017-01,OIL-SYN-017,1,350,2450,PDC,RSS,15.3,221.3,90.4,Fair
BHA-017-02,OIL-SYN-017,2,400,2900,Roller Cone,Motor + RSS,12.9,184.5,71.6,Good
BHA-018-01,OIL-SYN-018,1,350,2450,PDC,RSS,11.7,217.5,86.4,Fair
BHA-018-02,OIL-SYN-018,2,400,2900,Roller Cone,Motor + RSS,10.1,331.8,79.4,Fair
BHA--01-01,OIL-SYN-ACTIVE-01,1,350,2450,PDC + MWD,Motor + RSS,11.7,401.7,85.4,Good
BHA--01-02,OIL-SYN-ACTIVE-01,2,400,2900,PDC,RSS,8.3,371.0,75.6,Good
BHA--01-03,OIL-SYN-ACTIVE-01,3,450,3350,PDC + MWD,RSS,8.1,268.2,87.2,Fair
BHA-MH1-01,OIL-SYN-MH-001,1,320,650,PDC,Motor + RSS,68.5,850.0,86.5,Good
BHA-MH2-01,OIL-SYN-MH-002,1,340,700,PDC + MWD,RSS,71.0,900.5,84.0,Watch
BHA-MH3-01,OIL-SYN-MH-003,1,300,600,PDC,Motor,65.5,780.0,88.0,Good
BHA-MH4-01,OIL-SYN-MH-004,1,330,640,PDC,Motor + RSS,70.2,860.0,85.5,Good
BHA-MH5-01,OIL-SYN-MH-005,1,350,720,PDC + MWD,RSS,74.0,940.0,83.5,Watch
BHA-MH6-01,OIL-SYN-MH-006,1,310,580,PDC,Motor,63.0,760.0,87.5,Good
