casing_job_id,well_id,casing_size,set_depth_m,grade,status,cement_yield_ft3sk,slurry_volume_bbl,cement_result
CSG-001-1,OIL-SYN-001,13-3/8 in,900,K-55,Landed,1.07,18.2,Review required
CSG-001-2,OIL-SYN-001,9-5/8 in,2100,P-110,Landed,1.1,21.7,Review required
CSG-001-3,OIL-SYN-001,7 in,3200,P-110,Landed,1.15,13.3,Good bond
CSG-002-1,OIL-SYN-002,13-3/8 in,900,L-80,Landed,1.36,14.4,Good bond
CSG-002-2,OIL-SYN-002,9-5/8 in,2100,P-110,Landed,1.11,15.3,Good bond
CSG-002-3,OIL-SYN-002,7 in,3200,P-110,Landed,1.32,10.5,Good bond
CSG-003-1,OIL-SYN-003,13-3/8 in,900,L-80,Landed,1.12,11.7,Good bond
CSG-003-2,OIL-SYN-003,9-5/8 in,2100,L-80,Landed,1.26,17.2,Good bond
CSG-003-3,OIL-SYN-003,7 in,3200,L-80,Landed,1.05,13.4,Good bond
CSG-004-1,OIL-SYN-004,13-3/8 in,900,L-80,Landed,1.13,15.5,Good bond
CSG-004-2,OIL-SYN-004,9-5/8 in,2100,K-55,Landed,1.26,12.4,Review required
CSG-004-3,OIL-SYN-004,7 in,3200,P-110,Landed,1.22,11.5,Good bond
CSG-005-1,OIL-SYN-005,13-3/8 in,900,P-110,Landed,1.07,14.9,Review required
CSG-005-2,OIL-SYN-005,9-5/8 in,2100,P-110,Landed,1.4,17.0,Review required
CSG-005-3,OIL-SYN-005,7 in,3200,L-80,Landed,1.19,14.2,Good bond
CSG-006-1,OIL-SYN-006,13-3/8 in,900,P-110,Landed,1.11,19.4,Good bond
CSG-006-2,OIL-SYN-006,9-5/8 in,2100,L-80,Landed,1.24,19.5,Good bond
CSG-006-3,OIL-SYN-006,7 in,3200,K-55,Landed,1.18,17.5,Review required
CSG-007-1,OIL-SYN-007,13-3/8 in,900,L-80,Landed,1.24,11.2,Good bond
CSG-007-2,OIL-SYN-007,9-5/8 in,2100,P-110,Landed,1.31,17.3,Good bond
CSG-007-3,OIL-SYN-007,7 in,3200,P-110,Landed,1.2,14.3,Good bond
CSG-008-1,OIL-SYN-008,13-3/8 in,900,P-110,Landed,1.14,21.8,Review required
CSG-008-2,OIL-SYN-008,9-5/8 in,2100,P-110,Landed,1.23,19.9,Good bond
CSG-008-3,OIL-SYN-008,7 in,3200,L-80,Landed,1.12,21.9,Good bond
CSG-009-1,OIL-SYN-009,13-3/8 in,900,L-80,Landed,1.2,12.8,Good bond
CSG-009-2,OIL-SYN-009,9-5/8 in,2100,K-55,Landed,1.08,11.9,Review required
CSG-009-3,OIL-SYN-009,7 in,3200,K-55,Landed,1.05,16.2,Good bond
CSG-010-1,OIL-SYN-010,13-3/8 in,900,P-110,Landed,1.28,19.5,Good bond
CSG-010-2,OIL-SYN-010,9-5/8 in,2100,L-80,Landed,1.36,21.9,Review required
CSG-010-3,OIL-SYN-010,7 in,3200,P-110,Landed,1.39,21.1,Good bond
CSG-011-1,OIL-SYN-011,13-3/8 in,900,L-80,Landed,1.42,19.9,Good bond
CSG-011-2,OIL-SYN-011,9-5/8 in,2100,P-110,Landed,1.16,13.3,Good bond
CSG-011-3,OIL-SYN-011,7 in,3200,P-110,Landed,1.18,11.0,Review required
CSG-012-1,OIL-SYN-012,13-3/8 in,900,K-55,Landed,1.12,17.9,Good bond
CSG-012-2,OIL-SYN-012,9-5/8 in,2100,P-110,Landed,1.15,16.6,Good bond
CSG-012-3,OIL-SYN-012,7 in,3200,L-80,Landed,1.31,15.0,Good bond
CSG-013-1,OIL-SYN-013,13-3/8 in,900,K-55,Landed,1.29,19.8,Review required
CSG-013-2,OIL-SYN-013,9-5/8 in,2100,P-110,Landed,1.26,17.7,Good bond
CSG-013-3,OIL-SYN-013,7 in,3200,P-110,Landed,1.4,10.4,Good bond
CSG-014-1,OIL-SYN-014,13-3/8 in,900,K-55,Landed,1.08,10.9,Good bond
CSG-014-2,OIL-SYN-014,9-5/8 in,2100,K-55,Landed,1.23,19.9,Review required
CSG-014-3,OIL-SYN-014,7 in,3170,L-80,Landed,1.2,11.5,Good bond
CSG-015-1,OIL-SYN-015,13-3/8 in,900,K-55,Landed,1.1,15.6,Review required
CSG-015-2,OIL-SYN-015,9-5/8 in,2100,K-55,Landed,1.28,20.9,Good bond
CSG-015-3,OIL-SYN-015,7 in,3200,K-55,Landed,1.14,16.5,Good bond
CSG-016-1,OIL-SYN-016,13-3/8 in,900,L-80,Landed,1.35,19.5,Review required
CSG-016-2,OIL-SYN-016,9-5/8 in,2100,P-110,Landed,1.08,17.0,Good bond
CSG-016-3,OIL-SYN-016,7 in,3200,K-55,Landed,1.18,21.6,Good bond
CSG-017-1,OIL-SYN-017,13-3/8 in,900,L-80,Landed,1.4,13.3,Good bond
CSG-017-2,OIL-SYN-017,9-5/8 in,2100,K-55,Landed,1.06,17.3,Good bond
CSG-017-3,OIL-SYN-017,7 in,3200,L-80,Landed,1.21,19.9,Good bond
CSG-018-1,OIL-SYN-018,13-3/8 in,900,K-55,Landed,1.18,21.0,Good bond
CSG-018-2,OIL-SYN-018,9-5/8 in,2100,L-80,Landed,1.07,21.5,Good bond
CSG-018-3,OIL-SYN-018,7 in,3200,L-80,Landed,1.31,13.0,Good bond
CSG--01-1,OIL-SYN-ACTIVE-01,13-3/8 in,900,K-55,Landed,1.38,12.8,Good bond
CSG--01-2,OIL-SYN-ACTIVE-01,9-5/8 in,2100,L-80,Landed,1.14,20.5,Good bond
CSG--01-3,OIL-SYN-ACTIVE-01,7 in,2860,P-110,Landed,1.19,20.2,Good bond
CSG-MH1-1,OIL-SYN-MH-001,13-3/8 in,520,K-55,Landed,1.05,17.5,Good bond
CSG-MH1-2,OIL-SYN-MH-001,9-5/8 in,1780,P-110,Landed,1.12,22.0,Review required
CSG-MH2-1,OIL-SYN-MH-002,13-3/8 in,560,K-55,Landed,1.03,18.0,Good bond
CSG-MH2-2,OIL-SYN-MH-002,9-5/8 in,1950,P-110,Landed,1.1,23.5,Review required
CSG-MH3-1,OIL-SYN-MH-003,13-3/8 in,500,K-55,Landed,1.06,16.8,Good bond
CSG-MH3-2,OIL-SYN-MH-003,9-5/8 in,1700,P-110,Landed,1.09,20.5,Review required
CSG-MH4-1,OIL-SYN-MH-004,13-3/8 in,530,K-55,Landed,1.04,17.9,Good bond
CSG-MH4-2,OIL-SYN-MH-004,9-5/8 in,1800,P-110,Landed,1.13,22.4,Review required
CSG-MH5-1,OIL-SYN-MH-005,13-3/8 in,600,K-55,Landed,1.07,19.2,Good bond
CSG-MH5-2,OIL-SYN-MH-005,9-5/8 in,2050,P-110,Landed,1.08,24.6,Good bond
CSG-MH6-1,OIL-SYN-MH-006,13-3/8 in,480,K-55,Landed,1.02,16.1,Good bond
CSG-MH6-2,OIL-SYN-MH-006,9-5/8 in,1620,P-110,Landed,1.11,20.9,Review required
