mud_report_id,well_id,report_date,depth_md_m,mud_weight_sg,funnel_vis_s,plastic_vis_cP,yield_point_lb100ft2,filtration_ml_30min,chlorides_ppm,alkalinity_mEq,mud_system,treatment
MUD-001-01,OIL-SYN-001,2023-01-10,1100,1.255,25.2,63.7,11.1,280.3,0.62,3.87,Water-based,Normal
MUD-001-02,OIL-SYN-001,2023-01-11,1380,1.259,30.4,64.3,8.0,269.1,1.04,2.07,Water-based,LCM Sweep
MUD-001-03,OIL-SYN-001,2023-01-12,1660,1.24,33.5,62.9,12.7,365.9,0.76,3.42,Water-based,LCM Sweep
MUD-001-04,OIL-SYN-001,2023-01-13,1940,1.233,34.0,55.3,6.2,360.5,0.92,3.21,Water-based,Normal
MUD-001-05,OIL-SYN-001,2023-01-14,2220,1.088,39.6,70.4,7.6,324.2,0.97,1.22,Water-based,Treatment
MUD-002-01,OIL-SYN-002,2023-01-27,1100,1.095,37.3,59.2,5.8,383.8,1.04,1.88,Water-based,LCM Sweep
MUD-002-02,OIL-SYN-002,2023-01-28,1380,1.13,38.0,64.0,5.9,260.9,1.18,3.24,Water-based,LCM Sweep
MUD-002-03,OIL-SYN-002,2023-01-29,1660,1.226,41.9,72.6,8.3,347.1,0.89,2.21,Water-based,LCM Sweep
MUD-002-04,OIL-SYN-002,2023-01-30,1940,1.277,44.8,62.3,8.2,401.4,1.28,3.0,Water-based,Treatment
MUD-002-05,OIL-SYN-002,2023-01-31,2220,1.239,36.0,69.0,13.2,407.5,0.81,2.43,Water-based,Normal
MUD-003-01,OIL-SYN-003,2023-02-13,1100,1.087,29.7,72.7,11.3,308.3,0.87,2.59,Water-based,Treatment
MUD-003-02,OIL-SYN-003,2023-02-14,1380,1.279,45.1,50.9,11.4,357.8,1.04,1.78,Water-based,Treatment
MUD-003-03,OIL-SYN-003,2023-02-15,1660,1.234,41.1,72.0,11.6,337.7,0.83,2.61,Water-based,LCM Sweep
MUD-003-04,OIL-SYN-003,2023-02-16,1940,1.279,40.7,53.2,5.5,264.5,0.98,2.76,Water-based,Treatment
MUD-003-05,OIL-SYN-003,2023-02-17,2220,1.154,44.1,69.5,11.6,275.1,0.69,1.98,Water-based,Normal
MUD-004-01,OIL-SYN-004,2023-03-02,1100,1.178,36.3,61.3,12.9,376.4,0.78,1.15,Water-based,Treatment
MUD-004-02,OIL-SYN-004,2023-03-03,1380,1.196,24.7,73.3,5.1,405.4,1.03,1.73,Water-based,Normal
MUD-004-03,OIL-SYN-004,2023-03-04,1660,1.126,27.2,67.9,13.3,288.6,1.22,2.22,Water-based,Treatment
MUD-004-04,OIL-SYN-004,2023-03-05,1940,1.247,29.6,60.2,5.1,335.8,1.18,2.94,Water-based,Normal
MUD-004-05,OIL-SYN-004,2023-03-06,2220,1.152,40.5,72.7,12.6,410.8,0.73,2.97,Water-based,Treatment
MUD-005-01,OIL-SYN-005,2023-03-19,1100,1.082,43.6,72.1,11.0,429.8,1.11,2.45,Water-based,Normal
MUD-005-02,OIL-SYN-005,2023-03-20,1380,1.123,44.2,50.4,6.4,261.8,0.86,1.21,Water-based,Treatment
MUD-005-03,OIL-SYN-005,2023-03-21,1660,1.08,42.0,57.9,13.0,255.1,0.91,1.04,Water-based,LCM Sweep
MUD-005-04,OIL-SYN-005,2023-03-22,1940,1.194,47.3,59.0,6.4,292.0,0.82,1.69,Water-based,Treatment
MUD-005-05,OIL-SYN-005,2023-03-23,2220,1.212,42.4,71.9,11.9,275.2,0.74,1.03,Water-based,LCM Sweep
MUD-006-01,OIL-SYN-006,2023-04-05,1100,1.189,27.4,63.0,10.0,346.6,0.96,3.39,Water-based,LCM Sweep
MUD-006-02,OIL-SYN-006,2023-04-06,1380,1.084,32.0,68.0,9.3,352.6,1.14,1.68,Water-based,Treatment
MUD-006-03,OIL-SYN-006,2023-04-07,1660,1.146,39.2,65.0,12.8,275.7,0.94,2.28,Water-based,LCM Sweep
MUD-006-04,OIL-SYN-006,2023-04-08,1940,1.122,42.9,60.4,8.0,387.0,1.01,2.36,Water-based,Normal
MUD-006-05,OIL-SYN-006,2023-04-09,2220,1.181,29.9,67.8,9.2,266.8,0.77,1.64,Water-based,Normal
MUD-007-01,OIL-SYN-007,2023-04-22,1100,1.224,29.5,61.6,13.9,280.1,1.0,3.3,Water-based,LCM Sweep
MUD-007-02,OIL-SYN-007,2023-04-23,1380,1.086,47.2,68.9,5.1,310.3,0.67,3.83,Water-based,LCM Sweep
MUD-007-03,OIL-SYN-007,2023-04-24,1660,1.23,40.6,72.6,10.6,392.2,0.88,3.2,Water-based,LCM Sweep
MUD-007-04,OIL-SYN-007,2023-04-25,1940,1.202,38.0,56.0,10.2,325.5,1.01,3.87,Water-based,Treatment
MUD-007-05,OIL-SYN-007,2023-04-26,2220,1.106,30.7,61.3,12.0,301.8,0.77,3.77,Water-based,Normal
MUD-008-01,OIL-SYN-008,2023-05-09,1100,1.26,37.4,59.1,13.1,260.8,0.68,2.69,Water-based,Treatment
MUD-008-02,OIL-SYN-008,2023-05-10,1380,1.095,41.6,51.3,12.4,336.0,1.12,3.13,Water-based,Treatment
MUD-008-03,OIL-SYN-008,2023-05-11,1660,1.164,27.5,58.2,11.4,345.8,0.97,1.28,Water-based,Normal
MUD-008-04,OIL-SYN-008,2023-05-12,1940,1.13,44.8,60.9,9.3,384.2,1.3,1.38,Water-based,Treatment
MUD-008-05,OIL-SYN-008,2023-05-13,2220,1.213,47.0,70.8,11.1,317.3,0.71,2.4,Water-based,Treatment
MUD-009-01,OIL-SYN-009,2023-05-26,1100,1.194,36.1,56.3,10.4,260.7,0.62,1.99,Water-based,LCM Sweep
MUD-009-02,OIL-SYN-009,2023-05-27,1380,1.198,38.9,55.1,13.9,403.6,0.93,3.83,Water-based,Normal
MUD-009-03,OIL-SYN-009,2023-05-28,1660,1.262,31.8,58.2,12.1,375.1,1.0,3.27,Water-based,Treatment
MUD-009-04,OIL-SYN-009,2023-05-29,1940,1.243,43.1,61.7,5.5,312.3,0.79,3.61,Water-based,Normal
MUD-009-05,OIL-SYN-009,2023-05-30,2220,1.233,31.3,57.1,8.2,354.5,0.91,3.62,Water-based,Treatment
MUD-010-01,OIL-SYN-010,2023-06-12,1100,1.086,40.1,57.5,6.1,379.9,0.77,3.62,Water-based,LCM Sweep
MUD-010-02,OIL-SYN-010,2023-06-13,1380,1.171,32.9,57.3,8.0,285.7,1.14,3.28,Water-based,LCM Sweep
MUD-010-03,OIL-SYN-010,2023-06-14,1660,1.217,40.2,53.8,12.4,355.4,1.02,2.36,Water-based,Normal
MUD-010-04,OIL-SYN-010,2023-06-15,1940,1.18,33.3,55.4,10.7,287.3,0.81,3.53,Water-based,Treatment
MUD-010-05,OIL-SYN-010,2023-06-16,2220,1.262,26.2,75.0,6.6,390.6,1.04,3.59,Water-based,LCM Sweep
MUD-011-01,OIL-SYN-011,2023-06-29,1100,1.217,46.5,67.6,10.7,273.4,0.84,3.27,Water-based,Treatment
MUD-011-02,OIL-SYN-011,2023-06-30,1380,1.149,25.1,62.0,13.5,264.8,0.64,1.81,Water-based,LCM Sweep
MUD-011-03,OIL-SYN-011,2023-07-01,1660,1.114,29.1,66.0,10.4,269.9,0.99,1.27,Water-based,Treatment
MUD-011-04,OIL-SYN-011,2023-07-02,1940,1.24,37.6,54.3,11.7,306.2,0.76,2.95,Water-based,LCM Sweep
MUD-011-05,OIL-SYN-011,2023-07-03,2220,1.138,32.7,59.3,11.0,384.4,1.24,3.3,Water-based,Treatment
MUD-012-01,OIL-SYN-012,2023-07-16,1100,1.115,35.0,72.0,12.0,295.3,1.11,2.41,Water-based,Treatment
MUD-012-02,OIL-SYN-012,2023-07-17,1380,1.197,24.4,52.9,8.2,267.5,1.02,2.36,Water-based,LCM Sweep
MUD-012-03,OIL-SYN-012,2023-07-18,1660,1.188,36.6,57.1,8.5,399.6,0.63,3.32,Water-based,Normal
MUD-012-04,OIL-SYN-012,2023-07-19,1940,1.182,31.1,66.0,10.0,423.8,0.76,3.62,Water-based,Normal
MUD-012-05,OIL-SYN-012,2023-07-20,2220,1.162,33.2,58.9,11.4,428.0,0.92,3.8,Water-based,Normal
MUD-013-01,OIL-SYN-013,2023-08-02,1100,1.151,31.5,66.1,10.6,282.3,1.04,3.6,Water-based,Treatment
MUD-013-02,OIL-SYN-013,2023-08-03,1380,1.153,37.1,54.3,10.6,376.1,1.19,2.03,Water-based,Treatment
MUD-013-03,OIL-SYN-013,2023-08-04,1660,1.095,27.8,62.8,6.6,280.5,0.65,3.57,Water-based,LCM Sweep
MUD-013-04,OIL-SYN-013,2023-08-05,1940,1.081,40.6,59.4,9.8,350.8,0.79,1.8,Water-based,LCM Sweep
MUD-013-05,OIL-SYN-013,2023-08-06,2220,1.255,34.2,61.6,8.8,360.3,1.07,1.83,Water-based,Treatment
MUD-014-01,OIL-SYN-014,2023-08-19,1100,1.082,25.1,61.1,11.1,323.0,0.99,1.38,Water-based,Normal
MUD-014-02,OIL-SYN-014,2023-08-20,1380,1.192,36.1,67.0,12.6,330.3,0.69,2.33,Water-based,Treatment
MUD-014-03,OIL-SYN-014,2023-08-21,1660,1.095,35.2,62.9,8.5,272.5,1.26,3.06,Water-based,Normal
MUD-014-04,OIL-SYN-014,2023-08-22,1940,1.265,40.8,50.2,11.3,394.0,0.75,2.67,Water-based,Normal
MUD-014-05,OIL-SYN-014,2023-08-23,2220,1.097,41.2,67.7,5.9,358.5,0.76,3.07,Water-based,Normal
MUD-015-01,OIL-SYN-015,2023-09-05,1100,1.139,38.7,55.9,7.8,329.5,1.27,1.42,Water-based,LCM Sweep
MUD-015-02,OIL-SYN-015,2023-09-06,1380,1.107,38.6,55.7,13.0,273.8,0.94,3.97,Water-based,Normal
MUD-015-03,OIL-SYN-015,2023-09-07,1660,1.151,28.3,61.4,6.1,371.0,1.21,3.47,Water-based,LCM Sweep
MUD-015-04,OIL-SYN-015,2023-09-08,1940,1.229,31.9,74.0,5.5,264.4,0.95,3.68,Water-based,Treatment
MUD-015-05,OIL-SYN-015,2023-09-09,2220,1.265,29.2,73.9,10.1,267.8,1.15,1.11,Water-based,LCM Sweep
MUD-016-01,OIL-SYN-016,2023-09-22,1100,1.108,29.4,50.3,10.6,291.3,1.16,3.02,Water-based,Treatment
MUD-016-02,OIL-SYN-016,2023-09-23,1380,1.16,39.4,66.6,12.1,274.8,0.85,1.05,Water-based,Treatment
MUD-016-03,OIL-SYN-016,2023-09-24,1660,1.182,41.4,68.3,5.1,341.1,0.99,2.31,Water-based,LCM Sweep
MUD-016-04,OIL-SYN-016,2023-09-25,1940,1.23,34.3,51.4,13.7,259.3,0.77,2.72,Water-based,Treatment
MUD-016-05,OIL-SYN-016,2023-09-26,2220,1.148,25.6,66.7,13.4,316.2,1.01,1.52,Water-based,LCM Sweep
MUD-017-01,OIL-SYN-017,2023-10-09,1100,1.197,40.9,72.9,11.8,297.0,0.91,2.29,Water-based,LCM Sweep
MUD-017-02,OIL-SYN-017,2023-10-10,1380,1.274,32.4,63.5,10.4,261.0,1.1,1.79,Water-based,Normal
MUD-017-03,OIL-SYN-017,2023-10-11,1660,1.095,31.9,68.6,12.0,371.2,1.07,3.11,Water-based,Treatment
MUD-017-04,OIL-SYN-017,2023-10-12,1940,1.171,45.2,67.8,6.7,373.3,1.07,2.52,Water-based,Treatment
MUD-017-05,OIL-SYN-017,2023-10-13,2220,1.277,45.3,66.5,6.2,298.6,0.86,1.26,Water-based,LCM Sweep
MUD-018-01,OIL-SYN-018,2023-10-26,1100,1.121,36.2,70.1,5.2,403.3,1.16,1.74,Water-based,Treatment
MUD-018-02,OIL-SYN-018,2023-10-27,1380,1.277,43.9,53.8,8.9,277.7,0.83,1.35,Water-based,Normal
MUD-018-03,OIL-SYN-018,2023-10-28,1660,1.271,31.5,67.9,5.8,282.3,1.16,1.08,Water-based,LCM Sweep
MUD-018-04,OIL-SYN-018,2023-10-29,1940,1.161,26.7,64.9,13.4,300.4,1.13,1.2,Water-based,Treatment
MUD-018-05,OIL-SYN-018,2023-10-30,2220,1.208,34.1,72.5,13.1,375.2,0.62,1.67,Water-based,Normal
MUD--01-01,OIL-SYN-ACTIVE-01,2026-09-18,1100,1.208,29.7,55.1,5.1,386.1,1.12,1.62,Water-based,Treatment
MUD--01-02,OIL-SYN-ACTIVE-01,2026-09-19,1380,1.081,27.6,63.2,13.2,298.1,1.06,2.75,Water-based,LCM Sweep
MUD--01-03,OIL-SYN-ACTIVE-01,2026-09-20,1660,1.109,30.7,51.8,8.6,283.4,0.93,3.68,Water-based,Normal
MUD--01-04,OIL-SYN-ACTIVE-01,2026-09-21,1940,1.082,41.8,72.3,8.4,370.5,0.6,1.19,Water-based,Normal
MUD--01-05,OIL-SYN-ACTIVE-01,2026-09-22,2220,1.228,42.3,69.3,8.0,324.1,1.15,1.05,Water-based,Treatment
MUD-MH1-01,OIL-SYN-MH-001,2023-11-21,600,1.18,28.0,58.0,9.5,6.2,19500,3.1,Water-based,LCM Sweep
MUD-MH1-02,OIL-SYN-MH-001,2023-11-25,1350,1.35,32.5,66.0,11.0,5.5,20200,3.4,Water-based,Normal
MUD-MH2-01,OIL-SYN-MH-002,2023-12-06,650,1.2,27.5,57.5,9.2,6.5,19100,3.0,Water-based,Normal
MUD-MH2-02,OIL-SYN-MH-002,2023-12-12,1400,1.42,34.0,68.5,11.8,5.0,20800,3.6,Water-based,LCM Sweep
MUD-MH3-01,OIL-SYN-MH-003,2023-12-23,550,1.16,26.8,56.0,9.0,6.8,18700,2.9,Water-based,Normal
MUD-MH3-02,OIL-SYN-MH-003,2023-12-28,1250,1.33,31.5,64.5,10.7,5.6,20000,3.3,Water-based,LCM Sweep
MUD-MH4-01,OIL-SYN-MH-004,2024-01-15,600,1.19,27.9,57.8,9.3,6.3,19300,3.05,Water-based,Normal
MUD-MH4-02,OIL-SYN-MH-004,2024-01-21,1310,1.38,33.0,67.0,11.3,5.3,20500,3.5,Water-based,LCM Sweep
MUD-MH5-01,OIL-SYN-MH-005,2024-02-03,680,1.21,28.5,58.5,9.6,6.1,19700,3.15,Water-based,Normal
MUD-MH5-02,OIL-SYN-MH-005,2024-02-10,1450,1.4,34.5,69.0,12.0,4.9,21000,3.7,Water-based,Normal
MUD-MH6-01,OIL-SYN-MH-006,2024-02-21,540,1.17,26.5,55.5,8.9,6.9,18500,2.85,Water-based,Normal
MUD-MH6-02,OIL-SYN-MH-006,2024-02-26,1200,1.31,31.0,63.5,10.5,5.7,19800,3.25,Water-based,LCM Sweep
