text_id,well_id,source_document_type,reference_depth_m,formation,text,gold_event_type,language
TXT-001-01,OIL-SYN-001,DDR,1800,Girujan,"At approximately 1800 m MD in the Girujan formation, the well encountered mud loss. Observed drilling response indicated a change in operating parameters. Mitigation applied: Reduce ECD; pill/LCM; monitor pit volume.",MUD_LOSS,synthetic
TXT-002-01,OIL-SYN-002,DDR,1920,Lakwa,"At approximately 1920 m MD in the Lakwa formation, the well encountered stuck pipe. Observed drilling response indicated a change in operating parameters. Mitigation applied: Work string; circulate; ream/backream.",STUCK_PIPE,synthetic
TXT-003-01,OIL-SYN-003,DDR,2040,Lakwa,"At approximately 2040 m MD in the Lakwa formation, the well encountered torque spike. Observed drilling response indicated a change in operating parameters. Mitigation applied: Optimize WOB/RPM; circulate; rotate/reciprocate.",TORQUE_SPIKE,synthetic
TXT-004-01,OIL-SYN-004,DDR,2160,Tipam,"At approximately 2160 m MD in the Tipam formation, the well encountered torque spike. Observed drilling response indicated a change in operating parameters. Mitigation applied: Optimize WOB/RPM; circulate; rotate/reciprocate.",TORQUE_SPIKE,synthetic
TXT-005-01,OIL-SYN-005,DDR,2280,Lakwa,"At approximately 2280 m MD in the Lakwa formation, the well encountered npt. Observed drilling response indicated a change in operating parameters. Mitigation applied: Troubleshoot and resume operations.",NPT,synthetic
TXT-006-01,OIL-SYN-006,DDR,2400,Girujan,"At approximately 2400 m MD in the Girujan formation, the well encountered cementing issue. Observed drilling response indicated a change in operating parameters. Mitigation applied: Remedial cement evaluation / squeeze.",CEMENTING_ISSUE,synthetic
TXT-007-01,OIL-SYN-007,DDR,2520,Nahorkatiya Sand,"At approximately 2520 m MD in the Nahorkatiya Sand formation, the well encountered npt. Observed drilling response indicated a change in operating parameters. Mitigation applied: Troubleshoot and resume operations.",NPT,synthetic
TXT-008-01,OIL-SYN-008,DDR,2640,Girujan,"At approximately 2640 m MD in the Girujan formation, the well encountered npt. Observed drilling response indicated a change in operating parameters. Mitigation applied: Troubleshoot and resume operations.",NPT,synthetic
TXT-019-01,OIL-SYN-MH-001,DDR,1050,Mumbai High Limestone,"At approximately 1050 m MD in the Mumbai High Limestone formation, the well encountered mud loss. Observed drilling response indicated a change in operating parameters. Mitigation applied: Reduce ECD; pill/LCM; monitor pit volume.",MUD_LOSS,synthetic
TXT-020-01,OIL-SYN-MH-002,DDR,1300,Mumbai High Limestone,"At approximately 1300 m MD in the Mumbai High Limestone formation, the well encountered kick. Observed drilling response indicated a change in operating parameters. Mitigation applied: Shut-in; verify SIDPP/SICP; well control procedure.",KICK,synthetic
TXT-021-01,OIL-SYN-MH-003,DDR,950,Mumbai High Limestone,"At approximately 950 m MD in the Mumbai High Limestone formation, the well encountered mud loss. Observed drilling response indicated a change in operating parameters. Mitigation applied: Reduce ECD; pill/LCM; monitor pit volume.",MUD_LOSS,synthetic
TXT-022-01,OIL-SYN-MH-004,DDR,1250,Mumbai High Limestone,"At approximately 1250 m MD in the Mumbai High Limestone formation, the well encountered kick. Observed drilling response indicated a change in operating parameters. Mitigation applied: Shut-in; verify SIDPP/SICP; well control procedure.",KICK,synthetic
TXT-023-01,OIL-SYN-MH-005,DDR,1300,Mumbai High Limestone,"At approximately 1300 m MD in the Mumbai High Limestone formation, the well encountered stuck pipe. Observed drilling response indicated a change in operating parameters. Mitigation applied: Work string; circulate; ream/backream.",STUCK_PIPE,synthetic
TXT-024-01,OIL-SYN-MH-006,DDR,900,Mumbai High Limestone,"At approximately 900 m MD in the Mumbai High Limestone formation, the well encountered mud loss. Observed drilling response indicated a change in operating parameters. Mitigation applied: Reduce ECD; pill/LCM; monitor pit volume.",MUD_LOSS,synthetic
