active_well_id,offset_well_id,surface_distance_km,same_field,common_formations,relevance_score,relevance_band
OIL-SYN-ACTIVE-01,OIL-SYN-001,29.815,True,"Barail,Tipam,Girujan,Lakwa",0.379,LOW
OIL-SYN-ACTIVE-01,OIL-SYN-002,27.973,False,"Barail,Tipam,Girujan,Lakwa",0.083,LOW
OIL-SYN-ACTIVE-01,OIL-SYN-003,26.284,False,"Barail,Tipam,Girujan,Lakwa",0.088,LOW
OIL-SYN-ACTIVE-01,OIL-SYN-004,24.534,True,"Barail,Tipam,Girujan,Lakwa",0.393,LOW
OIL-SYN-ACTIVE-01,OIL-SYN-005,23.074,False,"Barail,Tipam,Girujan,Lakwa",0.098,LOW
OIL-SYN-ACTIVE-01,OIL-SYN-006,21.347,False,"Barail,Tipam,Girujan,Lakwa",0.104,LOW
OIL-SYN-ACTIVE-01,OIL-SYN-007,19.624,True,"Barail,Tipam,Girujan,Lakwa",0.412,LOW
OIL-SYN-ACTIVE-01,OIL-SYN-008,18.07,False,"Barail,Tipam,Girujan,Lakwa",0.119,LOW
OIL-SYN-ACTIVE-01,OIL-SYN-009,16.399,False,"Barail,Tipam,Girujan,Lakwa",0.129,LOW
OIL-SYN-ACTIVE-01,OIL-SYN-010,14.799,True,"Barail,Tipam,Girujan,Lakwa",0.439,LOW
OIL-SYN-ACTIVE-01,OIL-SYN-011,13.32,False,"Barail,Tipam,Girujan,Lakwa",0.15,LOW
OIL-SYN-ACTIVE-01,OIL-SYN-012,11.298,False,"Barail,Tipam,Girujan,Lakwa",0.169,LOW
OIL-SYN-ACTIVE-01,OIL-SYN-013,9.777,True,"Barail,Tipam,Girujan,Lakwa",0.636,MEDIUM
OIL-SYN-ACTIVE-01,OIL-SYN-014,8.072,False,"Barail,Tipam,Girujan,Lakwa",0.36,LOW
OIL-SYN-ACTIVE-01,OIL-SYN-015,6.523,False,"Barail,Tipam,Girujan,Lakwa",0.389,LOW
OIL-SYN-ACTIVE-01,OIL-SYN-016,4.775,True,"Barail,Tipam,Girujan,Lakwa",0.731,MEDIUM
OIL-SYN-ACTIVE-01,OIL-SYN-017,2.981,False,"Barail,Tipam,Girujan,Lakwa",0.495,LOW
OIL-SYN-ACTIVE-01,OIL-SYN-018,1.466,False,"Barail,Tipam,Girujan,Lakwa",0.575,MEDIUM
