event_id,well_id,event_type,severity,depth_md_m,depth_tvd_m,start_time,end_time,formation,description,mitigation,npt_hours,record_status
EVT-0001,OIL-SYN-001,MUD_LOSS,HIGH,1637,1579.7,2023-01-15 06:00:00,2023-01-15 14:00:00,Girujan,Lost circulation,Reduce ECD; pill/LCM; monitor pit volume,3.0,CONFIRMED
EVT-0002,OIL-SYN-001,STUCK_PIPE,HIGH,2069,1996.6,2023-01-17 06:00:00,2023-01-17 11:00:00,Tipam,Differential/pack-off tendency,Work string; circulate; ream/backream,4.1,INFERRED
EVT-0003,OIL-SYN-002,STUCK_PIPE,HIGH,1881,1815.2,2023-02-01 06:00:00,2023-02-01 11:00:00,Lakwa,Differential/pack-off tendency,Work string; circulate; ream/backream,3.9,CONFIRMED
EVT-0004,OIL-SYN-002,KICK,CRITICAL,2222,2144.2,2023-02-03 06:00:00,2023-02-03 08:00:00,Nahorkatiya Sand,Formation influx,Shut-in; verify SIDPP/SICP; well control procedure,8.2,CONFIRMED
EVT-0005,OIL-SYN-002,TORQUE_SPIKE,MEDIUM,2683,2589.1,2023-02-05 06:00:00,2023-02-05 19:00:00,Lakwa,High torque/drag,Optimize WOB/RPM; circulate; rotate/reciprocate,6.7,CONFIRMED
EVT-0006,OIL-SYN-003,KICK,CRITICAL,2021,1950.3,2023-02-18 06:00:00,2023-02-18 12:00:00,Tipam,Formation influx,Shut-in; verify SIDPP/SICP; well control procedure,6.7,INFERRED
EVT-0007,OIL-SYN-003,TORQUE_SPIKE,MEDIUM,2430,2344.9,2023-02-20 06:00:00,2023-02-20 15:00:00,Tipam,High torque/drag,Optimize WOB/RPM; circulate; rotate/reciprocate,5.0,CONFIRMED
EVT-0008,OIL-SYN-003,CEMENTING_ISSUE,MEDIUM,2884,2783.1,2023-02-22 06:00:00,2023-02-22 18:00:00,Nahorkatiya Sand,Poor returns / channel risk,Remedial cement evaluation / squeeze,5.5,CONFIRMED
EVT-0009,OIL-SYN-003,NPT,MEDIUM,3216,3103.4,2023-02-24 06:00:00,2023-02-24 07:00:00,Lakwa,Equipment / operation delay,Troubleshoot and resume operations,7.8,CONFIRMED
EVT-0010,OIL-SYN-004,TORQUE_SPIKE,MEDIUM,2198,2121.1,2023-03-07 06:00:00,2023-03-07 08:00:00,Tipam,High torque/drag,Optimize WOB/RPM; circulate; rotate/reciprocate,3.2,INFERRED
EVT-0011,OIL-SYN-004,CEMENTING_ISSUE,MEDIUM,2662,2568.8,2023-03-09 06:00:00,2023-03-09 09:00:00,Girujan,Poor returns / channel risk,Remedial cement evaluation / squeeze,7.3,CONFIRMED
EVT-0012,OIL-SYN-005,CEMENTING_ISSUE,MEDIUM,2398,2314.1,2023-03-24 06:00:00,2023-03-24 17:00:00,Nahorkatiya Sand,Poor returns / channel risk,Remedial cement evaluation / squeeze,5.8,CONFIRMED
EVT-0013,OIL-SYN-005,NPT,MEDIUM,2748,2651.8,2023-03-26 06:00:00,2023-03-26 18:00:00,Nahorkatiya Sand,Equipment / operation delay,Troubleshoot and resume operations,4.6,INFERRED
EVT-0014,OIL-SYN-005,MUD_LOSS,HIGH,3208,3095.7,2023-03-28 06:00:00,2023-03-28 18:00:00,Nahorkatiya Sand,Lost circulation,Reduce ECD; pill/LCM; monitor pit volume,6.2,INFERRED
EVT-0015,OIL-SYN-006,NPT,MEDIUM,2502,2414.4,2023-04-10 06:00:00,2023-04-10 13:00:00,Girujan,Equipment / operation delay,Troubleshoot and resume operations,7.3,CONFIRMED
EVT-0016,OIL-SYN-006,MUD_LOSS,HIGH,2944,2841.0,2023-04-12 06:00:00,2023-04-12 20:00:00,Girujan,Lost circulation,Reduce ECD; pill/LCM; monitor pit volume,8.3,INFERRED
EVT-0017,OIL-SYN-006,STUCK_PIPE,HIGH,3436,3315.7,2023-04-14 06:00:00,2023-04-14 15:00:00,Tipam,Differential/pack-off tendency,Work string; circulate; ream/backream,3.2,CONFIRMED
EVT-0018,OIL-SYN-006,KICK,CRITICAL,3759,3627.4,2023-04-16 06:00:00,2023-04-16 12:00:00,Tipam,Formation influx,Shut-in; verify SIDPP/SICP; well control procedure,7.7,CONFIRMED
EVT-0019,OIL-SYN-007,MUD_LOSS,HIGH,1656,1598.0,2023-04-27 06:00:00,2023-04-27 13:00:00,Tipam,Lost circulation,Reduce ECD; pill/LCM; monitor pit volume,5.5,INFERRED
EVT-0020,OIL-SYN-007,STUCK_PIPE,HIGH,2036,1964.7,2023-04-29 06:00:00,2023-04-29 14:00:00,Nahorkatiya Sand,Differential/pack-off tendency,Work string; circulate; ream/backream,3.4,CONFIRMED
EVT-0021,OIL-SYN-008,STUCK_PIPE,HIGH,1783,1720.6,2023-05-14 06:00:00,2023-05-14 20:00:00,Tipam,Differential/pack-off tendency,Work string; circulate; ream/backream,1.8,INFERRED
EVT-0022,OIL-SYN-008,KICK,CRITICAL,2264,2184.8,2023-05-16 06:00:00,2023-05-16 13:00:00,Girujan,Formation influx,Shut-in; verify SIDPP/SICP; well control procedure,4.7,CONFIRMED
EVT-0023,OIL-SYN-008,TORQUE_SPIKE,MEDIUM,2632,2539.9,2023-05-18 06:00:00,2023-05-18 12:00:00,Girujan,High torque/drag,Optimize WOB/RPM; circulate; rotate/reciprocate,5.9,CONFIRMED
EVT-0024,OIL-SYN-009,KICK,CRITICAL,1994,1924.2,2023-05-31 06:00:00,2023-05-31 12:00:00,Girujan,Formation influx,Shut-in; verify SIDPP/SICP; well control procedure,3.6,INFERRED
EVT-0025,OIL-SYN-009,TORQUE_SPIKE,MEDIUM,2401,2317.0,2023-06-02 06:00:00,2023-06-02 14:00:00,Nahorkatiya Sand,High torque/drag,Optimize WOB/RPM; circulate; rotate/reciprocate,3.9,CONFIRMED
EVT-0026,OIL-SYN-009,CEMENTING_ISSUE,MEDIUM,2863,2762.8,2023-06-04 06:00:00,2023-06-04 14:00:00,Lakwa,Poor returns / channel risk,Remedial cement evaluation / squeeze,2.1,CONFIRMED
EVT-0027,OIL-SYN-009,NPT,MEDIUM,3292,3176.8,2023-06-06 06:00:00,2023-06-06 10:00:00,Lakwa,Equipment / operation delay,Troubleshoot and resume operations,6.8,CONFIRMED
EVT-0028,OIL-SYN-010,TORQUE_SPIKE,MEDIUM,2161,2085.4,2023-06-17 06:00:00,2023-06-17 08:00:00,Nahorkatiya Sand,High torque/drag,Optimize WOB/RPM; circulate; rotate/reciprocate,2.7,CONFIRMED
EVT-0029,OIL-SYN-010,CEMENTING_ISSUE,MEDIUM,2586,2495.5,2023-06-19 06:00:00,2023-06-19 13:00:00,Tipam,Poor returns / channel risk,Remedial cement evaluation / squeeze,5.2,INFERRED
EVT-0030,OIL-SYN-011,CEMENTING_ISSUE,MEDIUM,2394,2310.2,2023-07-04 06:00:00,2023-07-04 17:00:00,Lakwa,Poor returns / channel risk,Remedial cement evaluation / squeeze,4.2,CONFIRMED
EVT-0031,OIL-SYN-011,NPT,MEDIUM,2774,2676.9,2023-07-06 06:00:00,2023-07-06 07:00:00,Tipam,Equipment / operation delay,Troubleshoot and resume operations,6.6,INFERRED
EVT-0032,OIL-SYN-011,MUD_LOSS,HIGH,3193,3081.2,2023-07-08 06:00:00,2023-07-08 18:00:00,Girujan,Lost circulation,Reduce ECD; pill/LCM; monitor pit volume,6.9,CONFIRMED
EVT-0033,OIL-SYN-012,NPT,MEDIUM,2545,2455.9,2023-07-21 06:00:00,2023-07-21 20:00:00,Tipam,Equipment / operation delay,Troubleshoot and resume operations,1.9,CONFIRMED
EVT-0034,OIL-SYN-012,MUD_LOSS,HIGH,2934,2831.3,2023-07-23 06:00:00,2023-07-23 16:00:00,Tipam,Lost circulation,Reduce ECD; pill/LCM; monitor pit volume,7.1,CONFIRMED
EVT-0035,OIL-SYN-012,STUCK_PIPE,HIGH,3354,3236.6,2023-07-25 06:00:00,2023-07-25 09:00:00,Nahorkatiya Sand,Differential/pack-off tendency,Work string; circulate; ream/backream,4.2,CONFIRMED
EVT-0036,OIL-SYN-012,KICK,CRITICAL,3843,3708.5,2023-07-27 06:00:00,2023-07-27 14:00:00,Tipam,Formation influx,Shut-in; verify SIDPP/SICP; well control procedure,5.8,CONFIRMED
EVT-0037,OIL-SYN-013,MUD_LOSS,HIGH,1703,1643.4,2023-08-07 06:00:00,2023-08-07 15:00:00,Tipam,Lost circulation,Reduce ECD; pill/LCM; monitor pit volume,7.1,INFERRED
EVT-0038,OIL-SYN-013,STUCK_PIPE,HIGH,2052,1980.2,2023-08-09 06:00:00,2023-08-09 11:00:00,Girujan,Differential/pack-off tendency,Work string; circulate; ream/backream,2.6,CONFIRMED
EVT-0039,OIL-SYN-014,STUCK_PIPE,HIGH,1782,1719.6,2023-08-24 06:00:00,2023-08-24 15:00:00,Nahorkatiya Sand,Differential/pack-off tendency,Work string; circulate; ream/backream,1.6,INFERRED
EVT-0040,OIL-SYN-014,KICK,CRITICAL,2236,2157.7,2023-08-26 06:00:00,2023-08-26 19:00:00,Lakwa,Formation influx,Shut-in; verify SIDPP/SICP; well control procedure,5.3,INFERRED
EVT-0041,OIL-SYN-014,TORQUE_SPIKE,MEDIUM,2722,2626.7,2023-08-28 06:00:00,2023-08-28 11:00:00,Nahorkatiya Sand,High torque/drag,Optimize WOB/RPM; circulate; rotate/reciprocate,5.5,INFERRED
EVT-0042,OIL-SYN-015,KICK,CRITICAL,1989,1919.4,2023-09-10 06:00:00,2023-09-10 13:00:00,Lakwa,Formation influx,Shut-in; verify SIDPP/SICP; well control procedure,5.2,CONFIRMED
EVT-0043,OIL-SYN-015,TORQUE_SPIKE,MEDIUM,2455,2369.1,2023-09-12 06:00:00,2023-09-12 14:00:00,Tipam,High torque/drag,Optimize WOB/RPM; circulate; rotate/reciprocate,3.3,CONFIRMED
EVT-0044,OIL-SYN-015,CEMENTING_ISSUE,MEDIUM,2884,2783.1,2023-09-14 06:00:00,2023-09-14 09:00:00,Nahorkatiya Sand,Poor returns / channel risk,Remedial cement evaluation / squeeze,6.9,INFERRED
EVT-0045,OIL-SYN-015,NPT,MEDIUM,3248,3134.3,2023-09-16 06:00:00,2023-09-16 07:00:00,Lakwa,Equipment / operation delay,Troubleshoot and resume operations,3.8,CONFIRMED
EVT-0046,OIL-SYN-016,TORQUE_SPIKE,MEDIUM,2233,2154.8,2023-09-27 06:00:00,2023-09-27 11:00:00,Girujan,High torque/drag,Optimize WOB/RPM; circulate; rotate/reciprocate,5.5,CONFIRMED
EVT-0047,OIL-SYN-016,CEMENTING_ISSUE,MEDIUM,2626,2534.1,2023-09-29 06:00:00,2023-09-29 20:00:00,Nahorkatiya Sand,Poor returns / channel risk,Remedial cement evaluation / squeeze,5.6,CONFIRMED
EVT-0048,OIL-SYN-017,CEMENTING_ISSUE,MEDIUM,2368,2285.1,2023-10-14 06:00:00,2023-10-14 12:00:00,Nahorkatiya Sand,Poor returns / channel risk,Remedial cement evaluation / squeeze,3.7,CONFIRMED
EVT-0049,OIL-SYN-017,NPT,MEDIUM,2819,2720.3,2023-10-16 06:00:00,2023-10-16 17:00:00,Tipam,Equipment / operation delay,Troubleshoot and resume operations,2.7,INFERRED
EVT-0050,OIL-SYN-017,MUD_LOSS,HIGH,3263,3148.8,2023-10-18 06:00:00,2023-10-18 13:00:00,Girujan,Lost circulation,Reduce ECD; pill/LCM; monitor pit volume,7.3,CONFIRMED
EVT-0051,OIL-SYN-018,NPT,MEDIUM,2573,2482.9,2023-10-31 06:00:00,2023-10-31 13:00:00,Lakwa,Equipment / operation delay,Troubleshoot and resume operations,2.1,INFERRED
EVT-0052,OIL-SYN-018,MUD_LOSS,HIGH,2925,2822.6,2023-11-02 06:00:00,2023-11-02 13:00:00,Lakwa,Lost circulation,Reduce ECD; pill/LCM; monitor pit volume,5.7,CONFIRMED
EVT-0053,OIL-SYN-018,STUCK_PIPE,HIGH,3440,3319.6,2023-11-04 06:00:00,2023-11-04 18:00:00,Girujan,Differential/pack-off tendency,Work string; circulate; ream/backream,8.3,INFERRED
EVT-0054,OIL-SYN-018,KICK,CRITICAL,3769,3637.1,2023-11-06 06:00:00,2023-11-06 18:00:00,Lakwa,Formation influx,Shut-in; verify SIDPP/SICP; well control procedure,6.3,CONFIRMED
EVT-0055,OIL-SYN-MH-001,MUD_LOSS,HIGH,1050,1013.2,2023-11-23 06:00:00,2023-11-23 11:00:00,Mumbai High Limestone,Lost circulation,Reduce ECD; pill/LCM; monitor pit volume,5.5,CONFIRMED
EVT-0056,OIL-SYN-MH-001,CEMENTING_ISSUE,MEDIUM,1360,1312.4,2023-11-27 06:00:00,2023-11-27 09:00:00,Bassein,Poor returns / channel risk,Remedial cement evaluation / squeeze,3.0,INFERRED
EVT-0057,OIL-SYN-MH-001,STUCK_PIPE,HIGH,1180,1138.7,2023-12-01 06:00:00,2023-12-01 12:00:00,Mumbai High Limestone,Differential/pack-off tendency,Work string; circulate; ream/backream,6.0,CONFIRMED
EVT-0058,OIL-SYN-MH-002,KICK,CRITICAL,1300,1254.5,2023-12-10 06:00:00,2023-12-10 13:00:00,Mumbai High Limestone,Formation influx,Shut-in; verify SIDPP/SICP; well control procedure,7.0,CONFIRMED
EVT-0059,OIL-SYN-MH-002,MUD_LOSS,HIGH,900,868.5,2023-12-14 06:00:00,2023-12-14 10:00:00,Mumbai High Limestone,Lost circulation,Reduce ECD; pill/LCM; monitor pit volume,4.5,CONFIRMED
EVT-0060,OIL-SYN-MH-002,TORQUE_SPIKE,MEDIUM,420,405.3,2023-12-08 06:00:00,2023-12-08 08:00:00,Alibag,High torque/drag,Optimize WOB/RPM; circulate; rotate/reciprocate,2.0,INFERRED
EVT-0061,OIL-SYN-MH-003,MUD_LOSS,HIGH,950,916.8,2023-12-27 06:00:00,2023-12-27 12:00:00,Mumbai High Limestone,Lost circulation,Reduce ECD; pill/LCM; monitor pit volume,6.5,CONFIRMED
EVT-0062,OIL-SYN-MH-003,NPT,MEDIUM,1500,1447.5,2023-12-30 06:00:00,2023-12-30 08:00:00,Bassein,Equipment / operation delay,Troubleshoot and resume operations,2.2,INFERRED
EVT-0063,OIL-SYN-MH-003,STUCK_PIPE,HIGH,700,675.5,2024-01-03 06:00:00,2024-01-03 11:00:00,Mumbai High Limestone,Differential/pack-off tendency,Work string; circulate; ream/backream,5.0,CONFIRMED
EVT-0064,OIL-SYN-MH-004,CEMENTING_ISSUE,MEDIUM,1370,1322.0,2024-01-18 06:00:00,2024-01-18 09:00:00,Bassein,Poor returns / channel risk,Remedial cement evaluation / squeeze,3.3,INFERRED
EVT-0065,OIL-SYN-MH-004,MUD_LOSS,HIGH,1000,965.0,2024-01-22 06:00:00,2024-01-22 11:00:00,Mumbai High Limestone,Lost circulation,Reduce ECD; pill/LCM; monitor pit volume,5.8,CONFIRMED
EVT-0066,OIL-SYN-MH-004,KICK,CRITICAL,1250,1206.2,2024-01-26 06:00:00,2024-01-26 12:00:00,Mumbai High Limestone,Formation influx,Shut-in; verify SIDPP/SICP; well control procedure,6.8,CONFIRMED
EVT-0067,OIL-SYN-MH-005,MUD_LOSS,HIGH,1100,1061.5,2024-02-07 06:00:00,2024-02-07 11:00:00,Mumbai High Limestone,Lost circulation,Reduce ECD; pill/LCM; monitor pit volume,5.2,CONFIRMED
EVT-0068,OIL-SYN-MH-005,STUCK_PIPE,HIGH,1300,1254.5,2024-02-12 06:00:00,2024-02-12 12:00:00,Mumbai High Limestone,Differential/pack-off tendency,Work string; circulate; ream/backream,6.4,CONFIRMED
EVT-0069,OIL-SYN-MH-005,TORQUE_SPIKE,MEDIUM,500,482.5,2024-02-05 06:00:00,2024-02-05 07:00:00,Alibag,High torque/drag,Optimize WOB/RPM; circulate; rotate/reciprocate,1.8,INFERRED
EVT-0070,OIL-SYN-MH-006,MUD_LOSS,HIGH,900,868.5,2024-02-24 06:00:00,2024-02-24 11:00:00,Mumbai High Limestone,Lost circulation,Reduce ECD; pill/LCM; monitor pit volume,5.0,CONFIRMED
EVT-0071,OIL-SYN-MH-006,NPT,MEDIUM,1650,1592.2,2024-02-28 06:00:00,2024-02-28 08:00:00,Panna,Equipment / operation delay,Troubleshoot and resume operations,2.5,INFERRED
EVT-0072,OIL-SYN-MH-006,CEMENTING_ISSUE,MEDIUM,1260,1215.9,2024-03-03 06:00:00,2024-03-03 09:00:00,Bassein,Poor returns / channel risk,Remedial cement evaluation / squeeze,3.1,INFERRED
EVT-0073,OIL-SYN-019,MUD_LOSS,HIGH,1500,1447.5,2024-03-12 06:00:00,2024-03-12 14:00:00,Girujan,Lost circulation,Reduce ECD; pill/LCM; monitor pit volume,5.4,CONFIRMED
EVT-0074,OIL-SYN-019,TORQUE_SPIKE,MEDIUM,2700,2605.5,2024-03-14 06:00:00,2024-03-14 12:00:00,Tipam,High torque/drag,Optimize WOB/RPM; circulate; rotate/reciprocate,4.6,CONFIRMED
EVT-0075,OIL-SYN-019,CEMENTING_ISSUE,MEDIUM,4050,3908.3,2024-03-16 06:00:00,2024-03-16 15:00:00,Lakwa,Poor returns / channel risk,Remedial cement evaluation / squeeze,5.1,INFERRED
EVT-0076,OIL-SYN-019,NPT,MEDIUM,4260,4110.9,2024-03-18 06:00:00,2024-03-18 07:00:00,Nahorkatiya Sand,Equipment / operation delay,Troubleshoot and resume operations,3.4,CONFIRMED
EVT-0077,OIL-SYN-017,TORQUE_SPIKE,MEDIUM,4030,3888.9,2024-03-20 06:00:00,2024-03-20 11:00:00,Nahorkatiya Sand,High torque/drag,Optimize WOB/RPM; circulate; rotate/reciprocate,4.9,CONFIRMED
EVT-0078,OIL-SYN-003,NPT,MEDIUM,4100,3956.5,2024-03-22 06:00:00,2024-03-22 07:00:00,Girujan,Equipment / operation delay,Troubleshoot and resume operations,2.8,INFERRED
EVT-0079,OIL-SYN-003,CEMENTING_ISSUE,MEDIUM,4200,4053.0,2024-03-24 06:00:00,2024-03-24 16:00:00,Tipam,Poor returns / channel risk,Remedial cement evaluation / squeeze,4.4,CONFIRMED
EVT-0080,OIL-SYN-019,TORQUE_SPIKE,MEDIUM,4320,4168.8,2024-03-26 06:00:00,2024-03-26 11:00:00,Lakwa,High torque/drag,Optimize WOB/RPM; circulate; rotate/reciprocate,3.9,CONFIRMED
EVT-0081,OIL-SYN-003,STUCK_PIPE,HIGH,4230,4082.0,2024-03-28 06:00:00,2024-03-28 15:00:00,Nahorkatiya Sand,Differential/pack-off tendency,Work string; circulate; ream/backream,5.7,INFERRED
EVT-0082,OIL-SYN-017,TORQUE_SPIKE,MEDIUM,3960,3821.4,2024-03-30 06:00:00,2024-03-30 09:00:00,Girujan,High torque/drag,Optimize WOB/RPM; circulate; rotate/reciprocate,4.1,CONFIRMED
EVT-0083,OIL-SYN-013,NPT,MEDIUM,3920,3782.8,2024-04-01 06:00:00,2024-04-01 07:00:00,Lakwa,Equipment / operation delay,Troubleshoot and resume operations,2.6,INFERRED
EVT-0084,OIL-SYN-018,TORQUE_SPIKE,MEDIUM,3720,3589.8,2024-04-03 06:00:00,2024-04-03 10:00:00,Tipam,High torque/drag,Optimize WOB/RPM; circulate; rotate/reciprocate,3.7,CONFIRMED
EVT-0085,OIL-SYN-013,CEMENTING_ISSUE,MEDIUM,3780,3647.7,2024-04-05 06:00:00,2024-04-05 14:00:00,Nahorkatiya Sand,Poor returns / channel risk,Remedial cement evaluation / squeeze,4.8,CONFIRMED
EVT-0086,OIL-SYN-007,NPT,MEDIUM,3850,3715.3,2024-04-07 06:00:00,2024-04-07 07:00:00,Girujan,Equipment / operation delay,Troubleshoot and resume operations,2.2,INFERRED
EVT-0087,OIL-SYN-013,CEMENTING_ISSUE,MEDIUM,3985,3845.0,2024-04-09 06:00:00,2024-04-09 15:00:00,Tipam,Poor returns / channel risk,Remedial cement evaluation / squeeze,4.3,CONFIRMED
EVT-0088,OIL-SYN-017,CEMENTING_ISSUE,MEDIUM,3950,3811.8,2024-04-11 06:00:00,2024-04-11 14:00:00,Lakwa,Poor returns / channel risk,Remedial cement evaluation / squeeze,4.0,INFERRED
