event_id,well_id,reference_depth_m,formation,event_type,horizon_m,risk_label,label_definition
EVT-0001,OIL-SYN-001,1637,Girujan,MUD_LOSS,30,1,Incident occurred within ±30 m of reference depth; synthetic target label.
EVT-0001,OIL-SYN-001,1637,Girujan,MUD_LOSS,60,1,Incident occurred within ±60 m of reference depth; synthetic target label.
EVT-0001,OIL-SYN-001,1637,Girujan,MUD_LOSS,100,1,Incident occurred within ±100 m of reference depth; synthetic target label.
EVT-0002,OIL-SYN-001,2069,Tipam,STUCK_PIPE,30,1,Incident occurred within ±30 m of reference depth; synthetic target label.
EVT-0002,OIL-SYN-001,2069,Tipam,STUCK_PIPE,60,1,Incident occurred within ±60 m of reference depth; synthetic target label.
EVT-0002,OIL-SYN-001,2069,Tipam,STUCK_PIPE,100,1,Incident occurred within ±100 m of reference depth; synthetic target label.
EVT-0003,OIL-SYN-002,1881,Lakwa,STUCK_PIPE,30,1,Incident occurred within ±30 m of reference depth; synthetic target label.
EVT-0003,OIL-SYN-002,1881,Lakwa,STUCK_PIPE,60,1,Incident occurred within ±60 m of reference depth; synthetic target label.
EVT-0003,OIL-SYN-002,1881,Lakwa,STUCK_PIPE,100,1,Incident occurred within ±100 m of reference depth; synthetic target label.
EVT-0004,OIL-SYN-002,2222,Nahorkatiya Sand,KICK,30,1,Incident occurred within ±30 m of reference depth; synthetic target label.
EVT-0004,OIL-SYN-002,2222,Nahorkatiya Sand,KICK,60,1,Incident occurred within ±60 m of reference depth; synthetic target label.
EVT-0004,OIL-SYN-002,2222,Nahorkatiya Sand,KICK,100,1,Incident occurred within ±100 m of reference depth; synthetic target label.
EVT-0005,OIL-SYN-002,2683,Lakwa,TORQUE_SPIKE,30,1,Incident occurred within ±30 m of reference depth; synthetic target label.
EVT-0005,OIL-SYN-002,2683,Lakwa,TORQUE_SPIKE,60,1,Incident occurred within ±60 m of reference depth; synthetic target label.
EVT-0005,OIL-SYN-002,2683,Lakwa,TORQUE_SPIKE,100,1,Incident occurred within ±100 m of reference depth; synthetic target label.
EVT-0006,OIL-SYN-003,2021,Tipam,KICK,30,1,Incident occurred within ±30 m of reference depth; synthetic target label.
EVT-0006,OIL-SYN-003,2021,Tipam,KICK,60,1,Incident occurred within ±60 m of reference depth; synthetic target label.
EVT-0006,OIL-SYN-003,2021,Tipam,KICK,100,1,Incident occurred within ±100 m of reference depth; synthetic target label.
EVT-0007,OIL-SYN-003,2430,Tipam,TORQUE_SPIKE,30,1,Incident occurred within ±30 m of reference depth; synthetic target label.
EVT-0007,OIL-SYN-003,2430,Tipam,TORQUE_SPIKE,60,1,Incident occurred within ±60 m of reference depth; synthetic target label.
EVT-0007,OIL-SYN-003,2430,Tipam,TORQUE_SPIKE,100,1,Incident occurred within ±100 m of reference depth; synthetic target label.
EVT-0008,OIL-SYN-003,2884,Nahorkatiya Sand,CEMENTING_ISSUE,30,1,Incident occurred within ±30 m of reference depth; synthetic target label.
EVT-0008,OIL-SYN-003,2884,Nahorkatiya Sand,CEMENTING_ISSUE,60,1,Incident occurred within ±60 m of reference depth; synthetic target label.
EVT-0008,OIL-SYN-003,2884,Nahorkatiya Sand,CEMENTING_ISSUE,100,1,Incident occurred within ±100 m of reference depth; synthetic target label.
EVT-0009,OIL-SYN-003,3216,Lakwa,NPT,30,1,Incident occurred within ±30 m of reference depth; synthetic target label.
EVT-0009,OIL-SYN-003,3216,Lakwa,NPT,60,1,Incident occurred within ±60 m of reference depth; synthetic target label.
EVT-0009,OIL-SYN-003,3216,Lakwa,NPT,100,1,Incident occurred within ±100 m of reference depth; synthetic target label.
EVT-0010,OIL-SYN-004,2198,Tipam,TORQUE_SPIKE,30,1,Incident occurred within ±30 m of reference depth; synthetic target label.
EVT-0010,OIL-SYN-004,2198,Tipam,TORQUE_SPIKE,60,1,Incident occurred within ±60 m of reference depth; synthetic target label.
EVT-0010,OIL-SYN-004,2198,Tipam,TORQUE_SPIKE,100,1,Incident occurred within ±100 m of reference depth; synthetic target label.
EVT-0011,OIL-SYN-004,2662,Girujan,CEMENTING_ISSUE,30,1,Incident occurred within ±30 m of reference depth; synthetic target label.
EVT-0011,OIL-SYN-004,2662,Girujan,CEMENTING_ISSUE,60,1,Incident occurred within ±60 m of reference depth; synthetic target label.
EVT-0011,OIL-SYN-004,2662,Girujan,CEMENTING_ISSUE,100,1,Incident occurred within ±100 m of reference depth; synthetic target label.
EVT-0012,OIL-SYN-005,2398,Nahorkatiya Sand,CEMENTING_ISSUE,30,1,Incident occurred within ±30 m of reference depth; synthetic target label.
EVT-0012,OIL-SYN-005,2398,Nahorkatiya Sand,CEMENTING_ISSUE,60,1,Incident occurred within ±60 m of reference depth; synthetic target label.
EVT-0012,OIL-SYN-005,2398,Nahorkatiya Sand,CEMENTING_ISSUE,100,1,Incident occurred within ±100 m of reference depth; synthetic target label.
EVT-0013,OIL-SYN-005,2748,Nahorkatiya Sand,NPT,30,1,Incident occurred within ±30 m of reference depth; synthetic target label.
EVT-0013,OIL-SYN-005,2748,Nahorkatiya Sand,NPT,60,1,Incident occurred within ±60 m of reference depth; synthetic target label.
EVT-0013,OIL-SYN-005,2748,Nahorkatiya Sand,NPT,100,1,Incident occurred within ±100 m of reference depth; synthetic target label.
EVT-0014,OIL-SYN-005,3208,Nahorkatiya Sand,MUD_LOSS,30,1,Incident occurred within ±30 m of reference depth; synthetic target label.
EVT-0014,OIL-SYN-005,3208,Nahorkatiya Sand,MUD_LOSS,60,1,Incident occurred within ±60 m of reference depth; synthetic target label.
EVT-0014,OIL-SYN-005,3208,Nahorkatiya Sand,MUD_LOSS,100,1,Incident occurred within ±100 m of reference depth; synthetic target label.
EVT-0015,OIL-SYN-006,2502,Girujan,NPT,30,1,Incident occurred within ±30 m of reference depth; synthetic target label.
EVT-0015,OIL-SYN-006,2502,Girujan,NPT,60,1,Incident occurred within ±60 m of reference depth; synthetic target label.
EVT-0015,OIL-SYN-006,2502,Girujan,NPT,100,1,Incident occurred within ±100 m of reference depth; synthetic target label.
EVT-0016,OIL-SYN-006,2944,Girujan,MUD_LOSS,30,1,Incident occurred within ±30 m of reference depth; synthetic target label.
EVT-0016,OIL-SYN-006,2944,Girujan,MUD_LOSS,60,1,Incident occurred within ±60 m of reference depth; synthetic target label.
EVT-0016,OIL-SYN-006,2944,Girujan,MUD_LOSS,100,1,Incident occurred within ±100 m of reference depth; synthetic target label.
EVT-0017,OIL-SYN-006,3436,Tipam,STUCK_PIPE,30,1,Incident occurred within ±30 m of reference depth; synthetic target label.
EVT-0017,OIL-SYN-006,3436,Tipam,STUCK_PIPE,60,1,Incident occurred within ±60 m of reference depth; synthetic target label.
EVT-0017,OIL-SYN-006,3436,Tipam,STUCK_PIPE,100,1,Incident occurred within ±100 m of reference depth; synthetic target label.
EVT-0018,OIL-SYN-006,3759,Tipam,KICK,30,1,Incident occurred within ±30 m of reference depth; synthetic target label.
EVT-0018,OIL-SYN-006,3759,Tipam,KICK,60,1,Incident occurred within ±60 m of reference depth; synthetic target label.
EVT-0018,OIL-SYN-006,3759,Tipam,KICK,100,1,Incident occurred within ±100 m of reference depth; synthetic target label.
EVT-0019,OIL-SYN-007,1656,Tipam,MUD_LOSS,30,1,Incident occurred within ±30 m of reference depth; synthetic target label.
EVT-0019,OIL-SYN-007,1656,Tipam,MUD_LOSS,60,1,Incident occurred within ±60 m of reference depth; synthetic target label.
EVT-0019,OIL-SYN-007,1656,Tipam,MUD_LOSS,100,1,Incident occurred within ±100 m of reference depth; synthetic target label.
EVT-0020,OIL-SYN-007,2036,Nahorkatiya Sand,STUCK_PIPE,30,1,Incident occurred within ±30 m of reference depth; synthetic target label.
EVT-0020,OIL-SYN-007,2036,Nahorkatiya Sand,STUCK_PIPE,60,1,Incident occurred within ±60 m of reference depth; synthetic target label.
EVT-0020,OIL-SYN-007,2036,Nahorkatiya Sand,STUCK_PIPE,100,1,Incident occurred within ±100 m of reference depth; synthetic target label.
EVT-0021,OIL-SYN-008,1783,Tipam,STUCK_PIPE,30,1,Incident occurred within ±30 m of reference depth; synthetic target label.
EVT-0021,OIL-SYN-008,1783,Tipam,STUCK_PIPE,60,1,Incident occurred within ±60 m of reference depth; synthetic target label.
EVT-0021,OIL-SYN-008,1783,Tipam,STUCK_PIPE,100,1,Incident occurred within ±100 m of reference depth; synthetic target label.
EVT-0022,OIL-SYN-008,2264,Girujan,KICK,30,1,Incident occurred within ±30 m of reference depth; synthetic target label.
EVT-0022,OIL-SYN-008,2264,Girujan,KICK,60,1,Incident occurred within ±60 m of reference depth; synthetic target label.
EVT-0022,OIL-SYN-008,2264,Girujan,KICK,100,1,Incident occurred within ±100 m of reference depth; synthetic target label.
EVT-0023,OIL-SYN-008,2632,Girujan,TORQUE_SPIKE,30,1,Incident occurred within ±30 m of reference depth; synthetic target label.
EVT-0023,OIL-SYN-008,2632,Girujan,TORQUE_SPIKE,60,1,Incident occurred within ±60 m of reference depth; synthetic target label.
EVT-0023,OIL-SYN-008,2632,Girujan,TORQUE_SPIKE,100,1,Incident occurred within ±100 m of reference depth; synthetic target label.
EVT-0024,OIL-SYN-009,1994,Girujan,KICK,30,1,Incident occurred within ±30 m of reference depth; synthetic target label.
EVT-0024,OIL-SYN-009,1994,Girujan,KICK,60,1,Incident occurred within ±60 m of reference depth; synthetic target label.
EVT-0024,OIL-SYN-009,1994,Girujan,KICK,100,1,Incident occurred within ±100 m of reference depth; synthetic target label.
EVT-0025,OIL-SYN-009,2401,Nahorkatiya Sand,TORQUE_SPIKE,30,1,Incident occurred within ±30 m of reference depth; synthetic target label.
EVT-0025,OIL-SYN-009,2401,Nahorkatiya Sand,TORQUE_SPIKE,60,1,Incident occurred within ±60 m of reference depth; synthetic target label.
EVT-0025,OIL-SYN-009,2401,Nahorkatiya Sand,TORQUE_SPIKE,100,1,Incident occurred within ±100 m of reference depth; synthetic target label.
EVT-0026,OIL-SYN-009,2863,Lakwa,CEMENTING_ISSUE,30,1,Incident occurred within ±30 m of reference depth; synthetic target label.
EVT-0026,OIL-SYN-009,2863,Lakwa,CEMENTING_ISSUE,60,1,Incident occurred within ±60 m of reference depth; synthetic target label.
EVT-0026,OIL-SYN-009,2863,Lakwa,CEMENTING_ISSUE,100,1,Incident occurred within ±100 m of reference depth; synthetic target label.
EVT-0027,OIL-SYN-009,3292,Lakwa,NPT,30,1,Incident occurred within ±30 m of reference depth; synthetic target label.
EVT-0027,OIL-SYN-009,3292,Lakwa,NPT,60,1,Incident occurred within ±60 m of reference depth; synthetic target label.
EVT-0027,OIL-SYN-009,3292,Lakwa,NPT,100,1,Incident occurred within ±100 m of reference depth; synthetic target label.
EVT-0028,OIL-SYN-010,2161,Nahorkatiya Sand,TORQUE_SPIKE,30,1,Incident occurred within ±30 m of reference depth; synthetic target label.
EVT-0028,OIL-SYN-010,2161,Nahorkatiya Sand,TORQUE_SPIKE,60,1,Incident occurred within ±60 m of reference depth; synthetic target label.
EVT-0028,OIL-SYN-010,2161,Nahorkatiya Sand,TORQUE_SPIKE,100,1,Incident occurred within ±100 m of reference depth; synthetic target label.
EVT-0029,OIL-SYN-010,2586,Tipam,CEMENTING_ISSUE,30,1,Incident occurred within ±30 m of reference depth; synthetic target label.
EVT-0029,OIL-SYN-010,2586,Tipam,CEMENTING_ISSUE,60,1,Incident occurred within ±60 m of reference depth; synthetic target label.
EVT-0029,OIL-SYN-010,2586,Tipam,CEMENTING_ISSUE,100,1,Incident occurred within ±100 m of reference depth; synthetic target label.
EVT-0030,OIL-SYN-011,2394,Lakwa,CEMENTING_ISSUE,30,1,Incident occurred within ±30 m of reference depth; synthetic target label.
EVT-0030,OIL-SYN-011,2394,Lakwa,CEMENTING_ISSUE,60,1,Incident occurred within ±60 m of reference depth; synthetic target label.
EVT-0030,OIL-SYN-011,2394,Lakwa,CEMENTING_ISSUE,100,1,Incident occurred within ±100 m of reference depth; synthetic target label.
EVT-0031,OIL-SYN-011,2774,Tipam,NPT,30,1,Incident occurred within ±30 m of reference depth; synthetic target label.
EVT-0031,OIL-SYN-011,2774,Tipam,NPT,60,1,Incident occurred within ±60 m of reference depth; synthetic target label.
EVT-0031,OIL-SYN-011,2774,Tipam,NPT,100,1,Incident occurred within ±100 m of reference depth; synthetic target label.
EVT-0032,OIL-SYN-011,3193,Girujan,MUD_LOSS,30,1,Incident occurred within ±30 m of reference depth; synthetic target label.
EVT-0032,OIL-SYN-011,3193,Girujan,MUD_LOSS,60,1,Incident occurred within ±60 m of reference depth; synthetic target label.
EVT-0032,OIL-SYN-011,3193,Girujan,MUD_LOSS,100,1,Incident occurred within ±100 m of reference depth; synthetic target label.
EVT-0033,OIL-SYN-012,2545,Tipam,NPT,30,1,Incident occurred within ±30 m of reference depth; synthetic target label.
EVT-0033,OIL-SYN-012,2545,Tipam,NPT,60,1,Incident occurred within ±60 m of reference depth; synthetic target label.
EVT-0033,OIL-SYN-012,2545,Tipam,NPT,100,1,Incident occurred within ±100 m of reference depth; synthetic target label.
EVT-0034,OIL-SYN-012,2934,Tipam,MUD_LOSS,30,1,Incident occurred within ±30 m of reference depth; synthetic target label.
EVT-0034,OIL-SYN-012,2934,Tipam,MUD_LOSS,60,1,Incident occurred within ±60 m of reference depth; synthetic target label.
EVT-0034,OIL-SYN-012,2934,Tipam,MUD_LOSS,100,1,Incident occurred within ±100 m of reference depth; synthetic target label.
EVT-0035,OIL-SYN-012,3354,Nahorkatiya Sand,STUCK_PIPE,30,1,Incident occurred within ±30 m of reference depth; synthetic target label.
EVT-0035,OIL-SYN-012,3354,Nahorkatiya Sand,STUCK_PIPE,60,1,Incident occurred within ±60 m of reference depth; synthetic target label.
EVT-0035,OIL-SYN-012,3354,Nahorkatiya Sand,STUCK_PIPE,100,1,Incident occurred within ±100 m of reference depth; synthetic target label.
EVT-0036,OIL-SYN-012,3843,Tipam,KICK,30,1,Incident occurred within ±30 m of reference depth; synthetic target label.
EVT-0036,OIL-SYN-012,3843,Tipam,KICK,60,1,Incident occurred within ±60 m of reference depth; synthetic target label.
EVT-0036,OIL-SYN-012,3843,Tipam,KICK,100,1,Incident occurred within ±100 m of reference depth; synthetic target label.
EVT-0037,OIL-SYN-013,1703,Tipam,MUD_LOSS,30,1,Incident occurred within ±30 m of reference depth; synthetic target label.
EVT-0037,OIL-SYN-013,1703,Tipam,MUD_LOSS,60,1,Incident occurred within ±60 m of reference depth; synthetic target label.
EVT-0037,OIL-SYN-013,1703,Tipam,MUD_LOSS,100,1,Incident occurred within ±100 m of reference depth; synthetic target label.
EVT-0038,OIL-SYN-013,2052,Girujan,STUCK_PIPE,30,1,Incident occurred within ±30 m of reference depth; synthetic target label.
EVT-0038,OIL-SYN-013,2052,Girujan,STUCK_PIPE,60,1,Incident occurred within ±60 m of reference depth; synthetic target label.
EVT-0038,OIL-SYN-013,2052,Girujan,STUCK_PIPE,100,1,Incident occurred within ±100 m of reference depth; synthetic target label.
EVT-0039,OIL-SYN-014,1782,Nahorkatiya Sand,STUCK_PIPE,30,1,Incident occurred within ±30 m of reference depth; synthetic target label.
EVT-0039,OIL-SYN-014,1782,Nahorkatiya Sand,STUCK_PIPE,60,1,Incident occurred within ±60 m of reference depth; synthetic target label.
EVT-0039,OIL-SYN-014,1782,Nahorkatiya Sand,STUCK_PIPE,100,1,Incident occurred within ±100 m of reference depth; synthetic target label.
EVT-0040,OIL-SYN-014,2236,Lakwa,KICK,30,1,Incident occurred within ±30 m of reference depth; synthetic target label.
EVT-0040,OIL-SYN-014,2236,Lakwa,KICK,60,1,Incident occurred within ±60 m of reference depth; synthetic target label.
EVT-0040,OIL-SYN-014,2236,Lakwa,KICK,100,1,Incident occurred within ±100 m of reference depth; synthetic target label.
EVT-0041,OIL-SYN-014,2722,Nahorkatiya Sand,TORQUE_SPIKE,30,1,Incident occurred within ±30 m of reference depth; synthetic target label.
EVT-0041,OIL-SYN-014,2722,Nahorkatiya Sand,TORQUE_SPIKE,60,1,Incident occurred within ±60 m of reference depth; synthetic target label.
EVT-0041,OIL-SYN-014,2722,Nahorkatiya Sand,TORQUE_SPIKE,100,1,Incident occurred within ±100 m of reference depth; synthetic target label.
EVT-0042,OIL-SYN-015,1989,Lakwa,KICK,30,1,Incident occurred within ±30 m of reference depth; synthetic target label.
EVT-0042,OIL-SYN-015,1989,Lakwa,KICK,60,1,Incident occurred within ±60 m of reference depth; synthetic target label.
EVT-0042,OIL-SYN-015,1989,Lakwa,KICK,100,1,Incident occurred within ±100 m of reference depth; synthetic target label.
EVT-0043,OIL-SYN-015,2455,Tipam,TORQUE_SPIKE,30,1,Incident occurred within ±30 m of reference depth; synthetic target label.
EVT-0043,OIL-SYN-015,2455,Tipam,TORQUE_SPIKE,60,1,Incident occurred within ±60 m of reference depth; synthetic target label.
EVT-0043,OIL-SYN-015,2455,Tipam,TORQUE_SPIKE,100,1,Incident occurred within ±100 m of reference depth; synthetic target label.
EVT-0044,OIL-SYN-015,2884,Nahorkatiya Sand,CEMENTING_ISSUE,30,1,Incident occurred within ±30 m of reference depth; synthetic target label.
EVT-0044,OIL-SYN-015,2884,Nahorkatiya Sand,CEMENTING_ISSUE,60,1,Incident occurred within ±60 m of reference depth; synthetic target label.
EVT-0044,OIL-SYN-015,2884,Nahorkatiya Sand,CEMENTING_ISSUE,100,1,Incident occurred within ±100 m of reference depth; synthetic target label.
EVT-0045,OIL-SYN-015,3248,Lakwa,NPT,30,1,Incident occurred within ±30 m of reference depth; synthetic target label.
EVT-0045,OIL-SYN-015,3248,Lakwa,NPT,60,1,Incident occurred within ±60 m of reference depth; synthetic target label.
EVT-0045,OIL-SYN-015,3248,Lakwa,NPT,100,1,Incident occurred within ±100 m of reference depth; synthetic target label.
EVT-0046,OIL-SYN-016,2233,Girujan,TORQUE_SPIKE,30,1,Incident occurred within ±30 m of reference depth; synthetic target label.
EVT-0046,OIL-SYN-016,2233,Girujan,TORQUE_SPIKE,60,1,Incident occurred within ±60 m of reference depth; synthetic target label.
EVT-0046,OIL-SYN-016,2233,Girujan,TORQUE_SPIKE,100,1,Incident occurred within ±100 m of reference depth; synthetic target label.
EVT-0047,OIL-SYN-016,2626,Nahorkatiya Sand,CEMENTING_ISSUE,30,1,Incident occurred within ±30 m of reference depth; synthetic target label.
EVT-0047,OIL-SYN-016,2626,Nahorkatiya Sand,CEMENTING_ISSUE,60,1,Incident occurred within ±60 m of reference depth; synthetic target label.
EVT-0047,OIL-SYN-016,2626,Nahorkatiya Sand,CEMENTING_ISSUE,100,1,Incident occurred within ±100 m of reference depth; synthetic target label.
EVT-0048,OIL-SYN-017,2368,Nahorkatiya Sand,CEMENTING_ISSUE,30,1,Incident occurred within ±30 m of reference depth; synthetic target label.
EVT-0048,OIL-SYN-017,2368,Nahorkatiya Sand,CEMENTING_ISSUE,60,1,Incident occurred within ±60 m of reference depth; synthetic target label.
EVT-0048,OIL-SYN-017,2368,Nahorkatiya Sand,CEMENTING_ISSUE,100,1,Incident occurred within ±100 m of reference depth; synthetic target label.
EVT-0049,OIL-SYN-017,2819,Tipam,NPT,30,1,Incident occurred within ±30 m of reference depth; synthetic target label.
EVT-0049,OIL-SYN-017,2819,Tipam,NPT,60,1,Incident occurred within ±60 m of reference depth; synthetic target label.
EVT-0049,OIL-SYN-017,2819,Tipam,NPT,100,1,Incident occurred within ±100 m of reference depth; synthetic target label.
EVT-0050,OIL-SYN-017,3263,Girujan,MUD_LOSS,30,1,Incident occurred within ±30 m of reference depth; synthetic target label.
EVT-0050,OIL-SYN-017,3263,Girujan,MUD_LOSS,60,1,Incident occurred within ±60 m of reference depth; synthetic target label.
EVT-0050,OIL-SYN-017,3263,Girujan,MUD_LOSS,100,1,Incident occurred within ±100 m of reference depth; synthetic target label.
EVT-0051,OIL-SYN-018,2573,Lakwa,NPT,30,1,Incident occurred within ±30 m of reference depth; synthetic target label.
EVT-0051,OIL-SYN-018,2573,Lakwa,NPT,60,1,Incident occurred within ±60 m of reference depth; synthetic target label.
EVT-0051,OIL-SYN-018,2573,Lakwa,NPT,100,1,Incident occurred within ±100 m of reference depth; synthetic target label.
EVT-0052,OIL-SYN-018,2925,Lakwa,MUD_LOSS,30,1,Incident occurred within ±30 m of reference depth; synthetic target label.
EVT-0052,OIL-SYN-018,2925,Lakwa,MUD_LOSS,60,1,Incident occurred within ±60 m of reference depth; synthetic target label.
EVT-0052,OIL-SYN-018,2925,Lakwa,MUD_LOSS,100,1,Incident occurred within ±100 m of reference depth; synthetic target label.
EVT-0053,OIL-SYN-018,3440,Girujan,STUCK_PIPE,30,1,Incident occurred within ±30 m of reference depth; synthetic target label.
EVT-0053,OIL-SYN-018,3440,Girujan,STUCK_PIPE,60,1,Incident occurred within ±60 m of reference depth; synthetic target label.
EVT-0053,OIL-SYN-018,3440,Girujan,STUCK_PIPE,100,1,Incident occurred within ±100 m of reference depth; synthetic target label.
EVT-0054,OIL-SYN-018,3769,Lakwa,KICK,30,1,Incident occurred within ±30 m of reference depth; synthetic target label.
EVT-0054,OIL-SYN-018,3769,Lakwa,KICK,60,1,Incident occurred within ±60 m of reference depth; synthetic target label.
EVT-0054,OIL-SYN-018,3769,Lakwa,KICK,100,1,Incident occurred within ±100 m of reference depth; synthetic target label.
