well_id,md_m,tvd_m,inclination_deg,azimuth_deg,northing_m,easting_m
OIL-SYN-001,0,0.0,3.76,116.83,-0.0,0.0
OIL-SYN-001,300,287.08,2.76,128.26,-8.94,11.34
OIL-SYN-001,600,573.08,4.38,141.09,-35.66,28.79
OIL-SYN-001,900,858.52,5.48,146.31,-71.54,47.7
OIL-SYN-001,1200,1142.86,6.86,154.23,-129.02,62.28
OIL-SYN-001,1500,1427.54,7.47,162.65,-186.24,58.2
OIL-SYN-001,1800,1711.86,8.07,174.52,-251.5,24.15
OIL-SYN-001,2100,1995.22,8.91,181.38,-325.06,-7.83
OIL-SYN-001,2400,2280.37,8.86,193.72,-359.09,-87.66
OIL-SYN-001,2700,2564.49,9.17,198.63,-407.73,-137.46
OIL-SYN-001,3000,2844.77,10.57,208.79,-482.22,-265.03
OIL-SYN-001,3300,3128.27,10.83,220.64,-470.74,-404.0
OIL-SYN-001,3600,3405.81,12.55,229.08,-512.24,-590.99
OIL-SYN-001,3700,3533.5,12.55,229.08,555.0,370.0
OIL-SYN-002,0,0.0,4.2,127.66,-0.0,0.0
OIL-SYN-002,300,286.75,3.76,138.78,-14.81,12.97
OIL-SYN-002,600,572.08,5.87,142.22,-48.54,37.63
OIL-SYN-002,900,857.54,6.46,157.4,-93.46,38.9
OIL-SYN-002,1200,1143.11,6.67,165.68,-135.05,34.48
OIL-SYN-002,1500,1427.04,7.77,173.68,-201.65,22.32
OIL-SYN-002,1800,1712.44,7.78,184.53,-242.88,-19.24
OIL-SYN-002,2100,1996.98,8.15,188.3,-294.68,-42.97
OIL-SYN-002,2400,2276.14,10.45,199.32,-410.65,-144.01
OIL-SYN-002,2700,2561.79,10.07,204.4,-429.87,-195.0
OIL-SYN-002,3000,2841.34,11.6,214.7,-495.87,-343.41
OIL-SYN-002,3245,3098.97,11.6,214.7,486.75,324.5
OIL-SYN-003,0,0.0,3.7,134.48,-0.0,0.0
OIL-SYN-003,300,285.88,6.35,140.9,-25.75,20.92
OIL-SYN-003,600,572.0,6.0,155.94,-57.28,25.58
OIL-SYN-003,900,858.0,6.0,159.96,-88.33,32.22
OIL-SYN-003,1200,1141.4,7.95,169.36,-163.19,30.65
OIL-SYN-003,1500,1425.67,8.6,175.53,-223.51,17.46
OIL-SYN-003,1800,1710.35,8.83,188.93,-272.87,-42.86
OIL-SYN-003,2100,1993.09,9.82,200.45,-335.62,-125.14
OIL-SYN-003,2400,2275.16,10.81,202.2,-416.96,-170.12
OIL-SYN-003,2700,2558.73,11.09,215.69,-421.8,-303.01
OIL-SYN-003,3000,2840.02,11.99,220.26,-475.68,-402.89
OIL-SYN-003,3300,3122.32,12.46,236.19,-396.09,-591.52
OIL-SYN-003,3600,3404.13,12.97,240.9,-392.82,-705.85
OIL-SYN-003,3900,3683.55,13.95,254.14,-256.88,-904.43
OIL-SYN-003,4200,3958.5,15.75,258.44,-228.37,-1116.91
OIL-SYN-003,4245,4053.97,15.75,258.44,636.75,424.5
OIL-SYN-004,0,0.0,6.12,139.54,-0.0,0.0
OIL-SYN-004,300,285.62,7.13,147.68,-31.46,19.9
OIL-SYN-004,600,571.44,6.84,162.89,-68.32,21.03
OIL-SYN-004,900,856.41,7.59,165.84,-115.34,29.09
OIL-SYN-004,1200,1140.66,8.5,173.33,-176.27,20.62
OIL-SYN-004,1500,1425.81,8.51,185.64,-220.94,-21.82
OIL-SYN-004,1800,1707.78,10.11,194.45,-305.91,-78.81
OIL-SYN-004,2100,1990.98,10.72,200.97,-364.91,-139.85
OIL-SYN-004,2400,2275.33,10.75,209.67,-389.05,-221.62
OIL-SYN-004,2700,2552.98,13.01,224.1,-436.34,-422.91
OIL-SYN-004,3000,2839.19,12.24,228.65,-420.29,-477.52
OIL-SYN-004,3300,3116.23,14.12,242.03,-377.6,-710.99
OIL-SYN-004,3495,3337.72,14.12,242.03,524.25,349.5
OIL-SYN-005,0,0.0,3.51,149.03,-0.0,0.0
OIL-SYN-005,300,286.91,3.26,155.56,-15.53,7.06
OIL-SYN-005,600,573.58,3.63,167.95,-37.13,7.93
OIL-SYN-005,900,858.44,5.56,177.19,-87.17,4.27
OIL-SYN-005,1200,1144.37,5.72,180.32,-119.69,-0.67
OIL-SYN-005,1500,1428.72,6.77,196.62,-169.46,-50.58
OIL-SYN-005,1800,1711.95,8.02,198.32,-238.54,-79.0
OIL-SYN-005,2100,1997.55,7.91,207.78,-255.66,-134.67
OIL-SYN-005,2400,2277.68,9.87,222.38,-303.92,-277.3
OIL-SYN-005,2700,2560.66,10.45,232.88,-295.47,-390.42
OIL-SYN-005,3000,2847.36,9.79,239.18,-261.4,-438.11
OIL-SYN-005,3300,3127.9,10.94,250.14,-212.73,-588.81
OIL-SYN-005,3600,3409.05,11.74,259.79,-129.8,-720.68
OIL-SYN-005,3900,3689.64,12.54,268.22,-26.27,-846.6
OIL-SYN-005,3995,3815.22,12.54,268.22,599.25,399.5
OIL-SYN-006,0,0.0,4.25,156.38,-0.0,0.0
OIL-SYN-006,300,286.67,3.99,163.78,-20.04,5.83
OIL-SYN-006,600,573.13,4.3,172.24,-44.61,6.08
OIL-SYN-006,900,857.98,6.02,183.68,-94.19,-6.06
OIL-SYN-006,1200,1142.2,7.35,193.17,-149.47,-34.98
OIL-SYN-006,1500,1428.87,6.68,197.7,-166.18,-53.04
OIL-SYN-006,1800,1711.36,8.32,209.35,-227.0,-127.65
OIL-SYN-006,2100,1993.53,9.63,214.0,-291.25,-196.47
OIL-SYN-006,2400,2277.16,10.07,230.53,-266.65,-323.86
OIL-SYN-006,2700,2561.96,10.01,238.15,-247.68,-398.75
OIL-SYN-006,3000,2839.33,12.2,247.04,-247.4,-583.84
OIL-SYN-006,3300,3122.42,12.43,256.87,-161.39,-691.85
OIL-SYN-006,3370,3218.35,12.43,256.87,505.5,337.0
OIL-SYN-007,0,0.0,4.36,163.5,-0.0,0.0
OIL-SYN-007,300,286.07,5.78,170.8,-29.83,4.83
OIL-SYN-007,600,571.76,6.36,179.19,-66.5,0.94
OIL-SYN-007,900,856.61,7.39,192.56,-113.03,-25.18
OIL-SYN-007,1200,1141.47,7.9,198.5,-156.38,-52.31
OIL-SYN-007,1500,1424.65,9.21,210.4,-207.12,-121.5
OIL-SYN-007,1800,1710.41,8.79,214.07,-227.94,-154.13
OIL-SYN-007,2100,1990.82,10.79,226.25,-271.93,-284.07
OIL-SYN-007,2400,2276.63,10.26,234.52,-248.23,-348.26
OIL-SYN-007,2700,2556.53,11.82,246.36,-221.82,-506.81
OIL-SYN-007,3000,2839.1,12.27,248.56,-232.99,-593.43
OIL-SYN-007,3300,3120.77,12.88,260.03,-127.38,-724.49
OIL-SYN-007,3600,3399.77,14.06,266.49,-53.56,-872.78
OIL-SYN-007,3900,3682.05,14.3,277.51,125.8,-954.72
OIL-SYN-007,4170,3982.35,14.3,277.51,625.5,417.0
OIL-SYN-008,0,0.0,5.59,169.14,-0.0,0.0
OIL-SYN-008,300,285.67,7.0,180.23,-36.54,-0.14
OIL-SYN-008,600,570.96,7.57,183.08,-78.88,-4.25
OIL-SYN-008,900,856.22,7.78,193.85,-118.35,-29.19
OIL-SYN-008,1200,1139.79,9.16,202.85,-176.04,-74.17
OIL-SYN-008,1500,1423.59,9.85,210.46,-221.16,-130.06
OIL-SYN-008,1800,1706.51,10.75,224.95,-237.56,-237.11
OIL-SYN-008,2100,1992.74,9.97,228.11,-242.72,-270.57
OIL-SYN-008,2400,2271.54,12.17,244.83,-215.19,-457.94
OIL-SYN-008,2700,2556.94,11.69,250.03,-186.81,-514.01
OIL-SYN-008,3000,2840.28,11.92,256.76,-141.88,-602.95
OIL-SYN-008,3300,3117.03,13.9,268.5,-20.73,-792.61
OIL-SYN-008,3370,3218.35,13.9,268.5,505.5,337.0
OIL-SYN-009,0,0.0,3.47,172.16,-0.0,0.0
OIL-SYN-009,300,286.74,3.77,187.55,-19.53,-2.59
OIL-SYN-009,600,573.59,3.61,194.27,-36.66,-9.32
OIL-SYN-009,900,859.48,4.52,199.2,-66.99,-23.33
OIL-SYN-009,1200,1144.35,5.74,208.62,-105.29,-57.44
OIL-SYN-009,1500,1428.1,7.14,223.44,-135.4,-128.22
OIL-SYN-009,1800,1712.93,7.54,226.98,-161.07,-172.61
OIL-SYN-009,2100,1996.35,8.42,241.76,-145.57,-270.97
OIL-SYN-009,2400,2280.93,8.65,247.94,-135.59,-334.56
OIL-SYN-009,2700,2563.51,9.5,257.82,-94.02,-435.49
OIL-SYN-009,3000,2846.96,9.91,266.18,-34.43,-515.32
OIL-SYN-009,3300,3129.4,10.53,273.76,39.56,-601.57
OIL-SYN-009,3600,3411.42,11.14,281.24,135.67,-682.46
OIL-SYN-009,3745,3576.47,11.14,281.24,561.75,374.5
OIL-SYN-010,0,0.0,3.76,181.98,-0.0,-0.0
OIL-SYN-010,300,286.66,4.01,189.3,-20.72,-3.39
OIL-SYN-010,600,572.28,5.58,204.62,-53.06,-24.32
OIL-SYN-010,900,857.04,6.96,207.22,-97.04,-49.91
OIL-SYN-010,1200,1143.5,6.38,219.84,-102.35,-85.39
OIL-SYN-010,1500,1426.32,8.21,228.02,-143.25,-159.21
OIL-SYN-010,1800,1713.11,7.44,233.52,-138.67,-187.53
OIL-SYN-010,2100,1996.31,8.44,248.65,-112.15,-286.96
OIL-SYN-010,2400,2275.99,10.5,254.74,-115.19,-422.13
OIL-SYN-010,2700,2561.86,10.05,262.09,-64.81,-466.46
OIL-SYN-010,3000,2845.59,10.32,270.13,1.2,-537.65
OIL-SYN-010,3300,3126.99,11.19,283.54,149.84,-622.38
OIL-SYN-010,3600,3404.38,12.9,292.08,302.17,-745.03
OIL-SYN-010,3900,3686.38,13.3,299.57,442.68,-780.2
OIL-SYN-010,4040,3858.2,13.3,299.57,606.0,404.0
OIL-SYN-011,0,0.0,4.26,190.3,-0.0,-0.0
OIL-SYN-011,300,285.9,6.29,200.68,-30.77,-11.62
OIL-SYN-011,600,571.46,6.81,207.63,-63.06,-33.01
OIL-SYN-011,900,857.13,6.87,214.44,-88.77,-60.86
OIL-SYN-011,1200,1143.13,6.65,223.7,-100.52,-96.08
OIL-SYN-011,1500,1426.66,8.0,238.77,-108.26,-178.57
OIL-SYN-011,1800,1710.41,8.8,244.96,-116.5,-249.4
OIL-SYN-011,2100,1993.51,9.64,251.33,-112.57,-333.12
OIL-SYN-011,2400,2278.2,9.68,258.06,-83.45,-394.65
OIL-SYN-011,2700,2556.23,11.92,268.65,-13.16,-557.73
OIL-SYN-011,3000,2836.47,13.06,283.98,163.7,-657.78
OIL-SYN-011,3300,3119.79,13.15,285.65,202.49,-722.75
OIL-SYN-011,3540,3380.7,13.15,285.65,531.0,354.0
OIL-SYN-012,0,0.0,6.38,194.58,-0.0,-0.0
OIL-SYN-012,300,286.25,5.26,208.79,-24.1,-13.24
OIL-SYN-012,600,571.04,7.44,214.06,-64.34,-43.5
OIL-SYN-012,900,856.44,7.56,220.55,-89.92,-76.94
OIL-SYN-012,1200,1141.91,7.57,229.13,-103.45,-119.55
OIL-SYN-012,1500,1426.08,8.35,241.78,-103.01,-191.97
OIL-SYN-012,1800,1707.23,10.38,254.05,-89.14,-311.98
OIL-SYN-012,2100,1993.07,9.83,259.09,-67.85,-351.93
OIL-SYN-012,2400,2275.59,10.65,271.95,15.1,-443.45
OIL-SYN-012,2700,2556.76,11.75,281.52,109.76,-538.69
OIL-SYN-012,3000,2836.9,12.93,285.74,182.08,-646.19
OIL-SYN-012,3300,3118.77,13.43,294.45,317.22,-697.53
OIL-SYN-012,3450,3294.75,13.43,294.45,517.5,345.0
OIL-SYN-013,0,0.0,2.76,203.8,-0.0,-0.0
OIL-SYN-013,300,286.9,3.31,216.38,-13.94,-10.27
OIL-SYN-013,600,573.35,3.98,225.97,-28.91,-29.9
OIL-SYN-013,900,858.59,5.41,231.34,-53.03,-66.28
OIL-SYN-013,1200,1143.24,6.57,236.25,-76.32,-114.23
OIL-SYN-013,1500,1430.01,5.99,248.74,-56.79,-145.97
OIL-SYN-013,1800,1714.69,6.65,257.15,-46.38,-203.34
OIL-SYN-013,2100,1995.5,8.79,267.15,-15.94,-320.42
OIL-SYN-013,2400,2279.48,9.2,277.66,51.12,-380.12
OIL-SYN-013,2700,2563.77,9.41,284.96,113.96,-426.53
OIL-SYN-013,3000,2845.69,10.29,294.49,222.17,-487.77
OIL-SYN-013,3300,3127.45,11.06,302.08,336.2,-536.29
OIL-SYN-013,3600,3410.26,11.44,310.26,461.29,-544.7
OIL-SYN-013,3900,3685.57,13.48,322.56,721.97,-552.83
OIL-SYN-013,3995,3815.22,13.48,322.56,599.25,399.5
OIL-SYN-014,0,0.0,3.35,212.5,-0.0,-0.0
OIL-SYN-014,300,286.77,3.68,221.56,-14.42,-12.79
OIL-SYN-014,600,572.98,4.53,232.06,-29.12,-37.36
OIL-SYN-014,900,856.98,7.02,238.11,-58.14,-93.44
OIL-SYN-014,1200,1143.13,6.65,248.9,-50.04,-129.69
OIL-SYN-014,1500,1426.55,8.07,255.27,-53.54,-203.61
OIL-SYN-014,1800,1709.8,9.1,266.11,-19.33,-284.04
OIL-SYN-014,2100,1993.07,9.83,276.4,39.95,-356.26
OIL-SYN-014,2400,2276.14,10.45,284.47,108.73,-421.44
OIL-SYN-014,2700,2558.43,11.19,291.79,194.45,-486.51
OIL-SYN-014,3000,2839.75,12.08,302.01,332.72,-532.16
OIL-SYN-014,3170,3027.35,12.08,302.01,475.5,317.0
OIL-SYN-015,0,0.0,5.47,219.91,-0.0,-0.0
OIL-SYN-015,300,286.48,4.56,228.19,-15.89,-17.77
OIL-SYN-015,600,572.49,5.26,234.41,-32.03,-44.75
OIL-SYN-015,900,856.65,7.35,243.39,-51.56,-102.91
OIL-SYN-015,1200,1140.92,8.31,250.9,-56.75,-163.9
OIL-SYN-015,1500,1427.05,7.77,259.46,-37.1,-199.38
OIL-SYN-015,1800,1711.41,8.29,271.23,5.59,-259.56
OIL-SYN-015,2100,1994.11,9.38,277.22,43.03,-339.54
OIL-SYN-015,2400,2276.28,10.4,290.57,152.18,-405.47
OIL-SYN-015,2700,2559.35,10.88,297.5,235.39,-452.23
OIL-SYN-015,3000,2841.67,11.5,308.29,370.56,-469.38
OIL-SYN-015,3300,3123.62,12.1,313.11,472.87,-505.07
OIL-SYN-015,3600,3402.49,13.38,327.88,705.44,-442.85
OIL-SYN-015,3700,3533.5,13.38,327.88,555.0,370.0
OIL-SYN-016,0,0.0,4.75,228.05,-0.0,-0.0
OIL-SYN-016,300,285.87,6.39,236.74,-18.32,-27.93
OIL-SYN-016,600,571.79,6.32,241.19,-31.84,-57.9
OIL-SYN-016,900,857.25,6.75,249.86,-36.42,-99.31
OIL-SYN-016,1200,1139.85,9.11,263.17,-22.6,-188.67
OIL-SYN-016,1500,1425.83,8.5,268.78,-4.74,-221.68
OIL-SYN-016,1800,1707.3,10.35,280.74,60.29,-317.77
OIL-SYN-016,2100,1992.42,10.11,290.69,130.19,-344.77
OIL-SYN-016,2400,2273.8,11.33,293.14,185.19,-433.41
OIL-SYN-016,2700,2555.98,12.01,308.75,351.57,-438.02
OIL-SYN-016,3000,2839.38,12.19,312.61,428.66,-466.06
OIL-SYN-016,3300,3119.12,13.33,325.77,629.14,-428.08
OIL-SYN-016,3600,3401.37,13.66,334.68,768.42,-363.48
OIL-SYN-016,3900,3674.36,16.07,342.89,1031.77,-317.63
OIL-SYN-016,3920,3743.6,16.07,342.89,588.0,392.0
OIL-SYN-017,0,0.0,3.05,233.17,-0.0,-0.0
OIL-SYN-017,300,287.01,2.98,242.43,-7.23,-13.84
OIL-SYN-017,600,573.41,3.88,252.75,-12.04,-38.77
OIL-SYN-017,900,859.34,4.66,260.71,-11.79,-72.1
OIL-SYN-017,1200,1144.54,5.59,271.85,3.77,-116.88
OIL-SYN-017,1500,1427.38,7.57,280.29,35.32,-194.53
OIL-SYN-017,1800,1711.13,8.43,285.75,71.65,-254.08
OIL-SYN-017,2100,1996.68,8.28,292.73,116.87,-278.98
OIL-SYN-017,2400,2282.07,8.22,306.89,206.03,-274.56
OIL-SYN-017,2700,2564.36,9.21,314.28,301.81,-309.45
OIL-SYN-017,3000,2843.87,10.84,324.21,457.63,-329.95
OIL-SYN-017,3300,3128.04,10.9,331.14,546.49,-301.15
OIL-SYN-017,3600,3404.94,12.76,341.01,752.1,-258.87
OIL-SYN-017,3900,3692.16,11.96,352.09,800.66,-111.25
OIL-SYN-017,4200,3970.25,13.23,359.86,961.44,-2.43
OIL-SYN-018,0,0.0,4.32,239.3,-0.0,-0.0
OIL-SYN-018,300,286.53,4.41,246.47,-9.2,-21.13
OIL-SYN-018,600,571.93,6.11,255.54,-15.95,-61.85
OIL-SYN-018,900,858.0,6.0,269.34,-1.09,-94.08
OIL-SYN-018,1200,1143.47,6.4,272.51,5.85,-133.54
OIL-SYN-018,1500,1425.88,8.47,280.08,38.67,-217.57
OIL-SYN-018,1800,1712.09,7.96,295.95,109.03,-224.07
OIL-SYN-018,2100,1997.16,8.07,300.78,150.92,-253.34
OIL-SYN-018,2400,2278.52,9.55,313.73,275.36,-287.81
OIL-SYN-018,2700,2562.39,9.87,322.08,365.11,-284.45
OIL-SYN-018,3000,2843.46,10.96,325.54,470.31,-322.8
OIL-SYN-018,3300,3120.93,12.84,338.37,681.56,-270.33
OIL-SYN-018,3600,3405.01,12.75,346.96,773.84,-179.21
OIL-SYN-018,3900,3686.35,13.3,357.58,896.68,-37.92
OIL-SYN-018,3995,3815.22,13.3,357.58,599.25,399.5
OIL-SYN-ACTIVE-01,0,0.0,4.33,242.47,-0.0,-0.0
OIL-SYN-ACTIVE-01,300,286.23,5.31,254.75,-7.3,-26.77
OIL-SYN-ACTIVE-01,600,571.68,6.48,265.13,-5.75,-67.45
OIL-SYN-ACTIVE-01,900,857.27,6.73,275.16,9.48,-105.04
OIL-SYN-ACTIVE-01,1200,1141.36,7.98,283.64,39.26,-161.83
OIL-SYN-ACTIVE-01,1500,1426.39,8.17,291.36,77.61,-198.43
OIL-SYN-ACTIVE-01,1800,1708.74,9.63,303.06,164.29,-252.39
OIL-SYN-ACTIVE-01,2100,1991.55,10.48,310.0,245.49,-292.56
OIL-SYN-ACTIVE-01,2400,2276.71,10.23,316.73,310.49,-292.27
OIL-SYN-ACTIVE-01,2700,2558.69,11.1,328.32,442.48,-273.02
OIL-SYN-ACTIVE-01,2860,2731.3,11.1,328.32,429.0,286.0
